ticker,days vs spy,alpha vs spy,beta vs spy,days vs vgt,alpha vs vgt,beta vs vgt
AADR,1825,0.011197349150610358,0.7438414864867392,1825,-0.023059627012217598,0.5872002168672518
AAXJ,1825,-0.09866129858517943,0.9664180365910087,1825,-0.1298572648744946,0.7160048900770888
ACWI,1825,-0.04990927893663161,0.9489789735174003,1825,-0.07116701985884905,0.6700525207850955
ACWV,1825,0.005412705208971707,0.6316558168834743,1825,-0.0026411187460573158,0.4245209165870898
ACWX,1825,-0.10640396286704745,0.9107635142530589,1825,-0.12486275405908714,0.6362240251515552
ADRA,1825,-0.03627193050501188,0.7372792570946691,1825,-0.054119830133746695,0.5252704976781895
ADRD,1825,-0.12095620508640931,0.878893709624939,1825,-0.13062362541752712,0.5852620925677448
ADRE,1825,-0.14042393181505797,1.0477299429654203,1825,-0.17715218483191916,0.7864918337033956
ADRU,1825,-0.09994170940752035,0.7209347803519282,1825,-0.10810975078266212,0.4809149078654733
AFK,1825,-0.19603870465668882,0.7258739947276068,1825,-0.20903358962728721,0.5010189977943741
AGG,1825,0.012296465517023552,-0.04652976772637476,1825,0.012531731113570027,-0.03001019536319039
AGND,1534,-0.05932408645652612,0.10254099713802158,1534,-0.062408821786368425,0.06716012912824582
AGQ,1825,-0.2540631881094681,0.2313711419479016,1825,-0.2535108516769572,0.1431590518598938
AGZ,1825,0.01378136343548934,-0.04526831245515875,1825,0.014684163128250863,-0.03157099679710128
AGZD,1534,-0.013979460344197843,0.034038902881262045,1534,-0.015272931227100018,0.02325523664661044
AIA,1825,-0.0668151453737174,0.9551908546540628,1825,-0.09839106055168291,0.7103024056126092
ALFA,1825,0.0030944938392605446,0.947011209298636,1825,-0.032372359346185854,0.7188814817599545
ALT,1825,3521.766331786481,284.94827610511425,1825,3530.3202868279222,148.56796075057784
AMJ,1825,-0.24850138669884012,0.890858351018272,1825,-0.2501530992466902,0.5645239619722817
AMLP,1825,-0.24746110465496887,0.8069611528095784,1825,-0.25350772271765804,0.5273921806279422
AMU,1825,-0.24885623320262593,0.8856883848407289,1825,-0.2515284933076217,0.5648773035649346
AND,1725,-0.20427024906763624,-0.090188805458951,1725,-0.20088137422361232,-0.06499161154750957
ANGL,1825,-0.013322901845115979,0.22144907410028125,1825,-0.017065788809908135,0.15206978367235363
AOA,1825,-0.03366319740810001,0.7591384298254342,1825,-0.05125210153203878,0.5380670226766354
AOK,1825,-0.008373584947062902,0.26410128295406415,1825,-0.015211198794927928,0.18972291346165426
AOM,1825,-0.014601442211799289,0.37600498103318997,1825,-0.024039903194832873,0.2690672319059957
AOR,1825,-0.02329616255680572,0.5608068215204752,1825,-0.036366948410373696,0.39776404957020733
ARGT,1825,-0.0691097117888913,1.0744250940166051,1825,-0.09566627714079427,0.7673958093923733
ASEA,1825,-0.11933365199058257,0.7206470158529787,1825,-0.1345032004911443,0.5054028874100569
ASHR,1563,-0.040537475933982735,0.9450228987478302,1563,-0.09012930912276884,0.6980078264142714
ATMP,1725,-0.042820189240101066,0.03354236677989429,1725,-0.04809595785264534,0.037992872422173835
AXJL,1825,-0.11608273171837724,0.8189700491729769,1825,-0.13733453011246752,0.588496098574006
BAB,1825,0.042155469733341895,-0.1260376234218196,1825,0.04249172561857733,-0.08022960401225507
BAL,1825,-0.06765326834726221,0.33477940604146067,1825,-0.07472654479524472,0.23487922071641096
BBH,1825,0.008969803263588068,1.2140971810747527,1825,-0.017820489602000902,0.8558150691367943
BCM,1825,-0.1330834113937775,0.27638508690855496,1825,-0.13155147686187557,0.16793825793000064
BDCL,1825,-0.2452491204009855,1.0468501740890028,1825,-0.2539133178487424,0.6870618292783646
BDCS,1825,-0.11629184429442561,0.5082499416396087,1825,-0.11936307959900726,0.32957136929145014
BFOR,1672,-0.035146459705933525,1.031703874304755,1672,-0.07888121311125523,0.7405562190713026
BIB,1825,-0.019519151347146088,2.544548342130891,1825,-0.08293479647708694,1.8192538076063844
BICK,1825,-0.0784056774923043,0.8420807690013379,1825,-0.10641607895572167,0.6268026820757239
BIL,1825,-0.0002495422520181549,0.0002345338551577211,1825,-0.00021978416956803664,4.2241777356499637e-05
BIS,1825,-0.016770841815943214,-2.509086206342265,1825,0.04659659792515244,-1.796843780988223
BIV,1825,0.011329947045183857,-0.07586047794596129,1825,0.012469551102466512,-0.05159129890876964
BIZD,1749,-0.12056485958749688,0.5523144289298964,1749,-0.13195358112052988,0.3704225311121254
BJK,1825,-0.11237099099046675,0.9849109700016939,1825,-0.1411495099471674,0.7190853818128342
BKF,1825,-0.130939785423524,1.0671813612335823,1825,-0.16159229736372122,0.7772841538606752
BKLN,1825,-0.03850209285971794,0.11615396813697407,1825,-0.040558192831008755,0.08009057705558435
BLV,1825,0.04795521960861672,-0.15077839644859525,1825,0.048919578720923326,-0.09795885350033139
BND,1825,0.010928523187866029,-0.053957711138018574,1825,0.011741577537502377,-0.036704378807441936
BNDX,1672,0.032691939144954586,-0.022470333917989794,1672,0.03214546774296455,-0.010931225152955654
BNO,1825,-0.215338873240126,0.7505701269729452,1825,-0.2107037558449009,0.45439135810382203
BOIL,1825,-0.6654248699505316,0.007117580564105885,1825,-0.6074451108957162,-0.1998166197805315
BOND,1825,0.008344001727330679,-0.04185565834980425,1825,0.007864958853010254,-0.02456208641409985
BRF,1825,-0.19382250532624737,0.9592351349583798,1825,-0.20869700436329006,0.653994588746545
BRZU,1710,-0.4417489024159487,3.4579736545912954,1710,-0.5446319102814817,2.3437549577104884
BSCE,322,0.0649957128266948,0.009898319298188001,322,0.06338746321174113,0.009068197372990194
BSCK,1825,0.002798653678614287,-0.017558849080764872,1825,0.0037214198027248732,-0.014263272000120548
BSCL,1642,0.017805541623093637,-0.026702045927296858,1642,0.01910783509844156,-0.01949417486811174
BSCM,1642,0.020871322113352467,-0.026718775557903935,1642,0.022282947441547272,-0.019883277634346733
BSJK,1594,-0.03729981366071464,0.16999677369423433,1594,-0.04254379106726238,0.1153049292975255
BSR,1825,168.6799404562006,2.0325486986768686,1825,169.47576181303137,-1.52920316204199
BSV,1825,0.004735404782363385,-0.029432939307706747,1825,0.005453501934534693,-0.020989031707472766
BTAL,1825,0.12368862769181657,-0.44409043357248823,1825,0.13986765436627258,-0.3355163020364583
BVT,1825,5773.102675525626,-2112.8630593309435,1825,5627.14881956079,-810.8482795101586
BWX,1825,-0.006999377449400645,-0.018260946909239732,1825,-0.005772926059649302,-0.01577357086021174
BWZ,1825,-0.036610181847179665,0.0023647040479137793,1825,-0.034943332496089545,-0.004389789082606755
BZQ,1825,0.23896318261641586,-2.2863463738226724,1825,0.2725745239920507,-1.5523119910908165
CANE,1825,-0.1621814209751873,0.13375603675909248,1825,-0.154075398011578,0.05532549843481903
CAPE,1825,0.09225753076524833,0.8048799419752188,1825,0.06709345672204861,0.5934435899796461
CARZ,1825,-0.08834463912598822,0.9519142601697606,1825,-0.10932836419043158,0.6709279528586851
CCX,1825,26634.442049365978,-2978.6489787626006,1825,26667.238125334796,-1983.6192062189232
CEFL,1522,-0.26373656372545623,0.9289836152225556,1522,-0.30027916573124486,0.6388480759742416
CEMB,1825,-0.012983194107199546,0.07080782779254693,1825,-0.013259289629807113,0.04538010950515789
CEW,1825,-0.059097489124459016,0.2234096060170811,1825,-0.0622130428367269,0.15108905011574647
CGW,1825,8.916556458532695e-05,0.8271489901614177,1825,-0.012024028061929154,0.561427445015289
CHEP,1825,-0.032669780870575836,0.06066164926072662,1825,-0.0276124615033201,0.02022565079769026
CHIE,1825,-0.11751291624773674,0.5781179488541375,1825,-0.13458986276370274,0.4227357045461624
CHII,1825,-0.04604866687058661,0.7342401938303551,1825,-0.06336516792871137,0.5214922603225727
CHIM,1825,-0.02524421134684667,0.66890540245036,1825,-0.038172319163199894,0.4650556987992444
CHIQ,1825,-0.10243098968906139,1.0595067288156763,1825,-0.1482240598706188,0.8258158045971806
CHIX,1825,-0.09770262051050141,1.0818740097578892,1825,-0.1279653104445035,0.7851252300227576
CHNA,362,-0.021985067479321132,0.8369584871297322,362,-0.0719504165933758,0.569377834126741
CMBS,1825,0.018249254275476218,-0.051766389390706206,1825,0.018759560153784487,-0.0342634093356148
CMD,1825,0.1502511585574969,1.0522770758554014,1825,0.12326788149019269,0.7550090496476801
CMF,1825,0.02742800818700721,-0.03831609266219393,1825,0.02568632340225106,-0.017893563439689567
CNY,1825,0.03133077021122307,0.03251247004885093,1825,0.030287036739372296,0.02406768499322932
COPX,1825,-0.3118620680922524,1.300456300924103,1825,-0.33269689950375386,0.8889925359152718
CORN,1825,-0.2291327919415521,0.09147784564801135,1825,-0.23277226674503831,0.07019358721128269
CORP,1825,0.00770778098306261,-0.014111636985473512,1825,0.0076819712038641835,-0.008759219497071225
COW,1825,0.1648822770141383,0.1123456560363631,1825,0.15774527128067606,0.09560376840184504
CPER,1825,-0.07609508067278407,0.4415413957603107,1825,-0.07827860282961546,0.28460722063616517
CPI,1825,-0.0090452546653979,0.1197434835021269,1825,-0.012115469135277607,0.08591478800350719
CQQQ,1825,0.016837986784792293,1.2121525998257114,1825,-0.047146097355865814,0.9856406263412675
CROC,1825,0.18240798276423065,-0.40581682819914505,1825,0.1845256907524847,-0.26197056802983043
CROP,1825,-0.06641201972692276,0.7090946739044474,1825,-0.08165244892286759,0.498407536061095
CSD,1825,-0.060314387208843585,1.053801698936743,1825,-0.0858143098809412,0.7507389101549429
CSM,1825,0.009192687893390058,0.9841220087502371,1825,-0.013108019316137849,0.6957672695575348
CURE,1825,0.11536855802092087,2.7546740531687224,1825,0.08548450399443862,1.8328927189452875
CUT,1825,-0.07884197674560983,0.9800727642120725,1825,-0.09563794710663351,0.6738329015172222
CVY,1825,-0.1269468476505205,0.792748083883037,1825,-0.1332748471847575,0.5194698050577644
CWB,1825,-0.034485144958283566,0.6543855851414077,1825,-0.06290246483317051,0.5105227854826464
CWI,1825,-0.10261713508855821,0.9109015214782286,1825,-0.12001342066223225,0.6325670443979834
CYB,1825,-0.009592298072526593,0.05168408401458602,1825,-0.012459248350263939,0.042514970573504285
CZA,1825,0.022475385244108085,0.8847498497867481,1825,0.007802648844433469,0.6065700483709955
DBA,1825,-0.13266515663176834,0.13121443944024133,1825,-0.13432138666937665,0.08812693244814299
DBB,1825,-0.08808488765158481,0.358684682302263,1825,-0.09361672398425827,0.24444052088710078
DBC,1825,-0.17534757533474693,0.3747392581240218,1825,-0.1736489448516951,0.2290340490683057
DBE,1825,-0.2174527098342928,0.5969201678818779,1825,-0.21365604873149419,0.3609834658155697
DBEF,1825,-0.07077403009234316,0.9231550720403957,1825,-0.09006295468235367,0.6469202415593786
DBEM,1825,-0.11756465386995762,0.8239867221268236,1825,-0.14293071203440255,0.6061381160306631
DBEU,1589,-0.07748750327109977,0.8752727785533863,1589,-0.10821377709995257,0.6085836257010042
DBGR,1825,-0.0869455641134296,0.8847564123356573,1825,-0.10861681859883232,0.6312320847005399
DBJP,1825,-0.03818518447198686,1.129099466307823,1825,-0.05424360557580366,0.7646968307448531
DBO,1825,-0.27661659142777517,0.7612955247014161,1825,-0.2731809206785113,0.46534384083302816
DBP,1825,-0.03548155620082027,-0.06333920067972823,1825,-0.030818286943189183,-0.05615349317039202
DBS,1825,-0.12784658930808648,0.0992337816776728,1825,-0.12618029581610676,0.05636390048460248
DBV,1825,-0.03974189382949878,0.2094370378812263,1825,-0.043387252064012796,0.1441927757536891
DDG,1825,0.16127774784107185,-0.8919296912917933,1825,0.15676498386228407,-0.5434765192253312
DDM,1825,0.0217415625477337,1.8852310029925412,1825,-0.011994035735651313,1.3011890843999063
DEF,1825,0.006819102213940988,0.7502085219390523,1825,-0.0017351947328192326,0.500634918822961
DEM,1825,-0.18873980359090375,0.9925029378393542,1825,-0.20965607239064668,0.696145594120426
DES,1825,-0.046648317534123,0.9201729239333247,1825,-0.05977459703680011,0.6233370941994499
DEW,1825,-0.10946210029459066,0.8208018633650904,1825,-0.11611695983954844,0.5382154444057632
DFE,1825,-0.023138305200496513,0.8130640437196418,1825,-0.038619999207476385,0.5644622863498321
DFJ,1825,-0.01398441072678765,0.7924733249022504,1825,-0.029627761442342016,0.5521183216457894
DFVL,1825,0.06578809761095013,-0.07447007550631474,1825,0.06780583391476365,-0.05381323246313205
DFVS,1825,-0.08586512816883729,0.2160621978726971,1825,-0.08116498318077173,0.11894400322055065
DGAZ,1825,0.6206385669284872,0.030567350004314868,1825,0.5275643882176295,0.34709921500595525
DGL,1825,-0.014390130795306372,-0.09842875269265572,1825,-0.009498902484461755,-0.07896317992199407
DGLD,1825,-0.0025238618017926207,0.3175946038727756,1825,-0.017840170360144385,0.2531444450645534
DGP,1825,-0.008550613395021093,-0.18084134487601095,1825,0.0018371671806236614,-0.15001451849176173
DGRE,1631,-0.12462181385023333,0.9627230381417852,1631,-0.1686848370853244,0.6852971420174765
DGRS,1636,-0.04186172388661435,0.9172864907279339,1636,-0.07683880160488732,0.6280528710052418
DGRW,1680,0.007706692746572585,0.9398761065766823,1680,-0.031959187445348994,0.6630580551333366
DGS,1825,-0.13973263395965926,0.9138004128701226,1825,-0.16295594809701888,0.654915497356513
DGT,1825,-0.039728950878954276,0.854214250409314,1825,-0.05426483510257461,0.58693738400925
DGZ,1825,0.005719105574766999,0.11742915753115418,1825,0.001598366367924738,0.08816467165016151
DHS,1825,-0.03390211751849481,0.7757742080934533,1825,-0.035531295588717454,0.4922692024511365
DIA,1825,-0.001978772828924629,0.9511996130630624,1825,-0.018642296836108165,0.6552583695826389
DIG,1825,-0.42540551650198816,2.173265346971507,1825,-0.4208138446860074,1.3467919829033341
DIM,1825,-0.06935690159242237,0.8234702404914334,1825,-0.08486964964486135,0.5710979766127149
DIV,1730,-0.10532466741114385,0.5784262592909315,1730,-0.11140220207377557,0.3603127180921821
DJCI,1825,-0.15967393618622464,0.24440865608799428,1825,-0.15647500727180716,0.14201081264610943
DJP,1825,-0.178444740920471,0.2929104080059034,1825,-0.1749825700557553,0.17150134915988757
DLBS,1825,-0.30832959347783284,1.1081139256464456,1825,-0.3103127978268408,0.7019443909639734
DLN,1825,-0.015203614001592397,0.8889922592051073,1825,-0.02745555758964368,0.6007014943133377
DLS,1825,-0.052794160178519574,0.7916394789374994,1825,-0.06881435848495207,0.5529231220303641
DNL,1825,-0.07540482342390746,0.8519971735369534,1825,-0.09557797690909668,0.6054087621206365
DOG,1825,-0.027271096635425138,-0.9448013011500657,1825,-0.010306424377980917,-0.6523066866033618
DOL,1825,-0.11721978162631784,0.8727016453917438,1825,-0.1300508731268002,0.5925253025488854
DON,1825,-0.010197999102066492,0.8865769009215752,1825,-0.020091235619279727,0.5908762484354371
DOO,1825,-0.12831921083053294,0.8437147882607156,1825,-0.13948555732618292,0.5684807025715006
DPK,1825,0.1699418947367906,-2.6541434857610673,1825,0.21566051290480262,-1.8256346880954526
DRN,1825,0.047661882744076865,1.856256102318513,1825,0.052605668415549124,1.1467380842702881
DRR,1825,0.11974800676101421,0.026968437510108786,1825,0.11558800788281931,0.031570284977123206
DRV,1825,-0.12026590895906797,-1.8628074493578282,1825,-0.12472158769352928,-1.152566531205061
DRW,1825,-0.11235442244420364,0.7756722924780606,1825,-0.12696504799427366,0.5379428972754735
DSI,1825,0.010692438071339596,0.9889663833485239,1825,-0.01618364727854247,0.7149258906958489
DSLV,1825,0.31497366121419235,-0.3516739994382377,1825,0.3152871799470092,-0.22165802061433154
DTD,1825,-0.012414786707105423,0.8693343618679661,1825,-0.023584724523828537,0.5845607479344471
DTH,1825,-0.1287471827221502,0.8725573568690679,1825,-0.14073664665922744,0.5894695001460601
DTN,1825,-0.04448193908538827,0.8571008533174485,1825,-0.05046561642754933,0.5586156840079832
DTO,1825,0.5138763985889032,-1.3363982319437668,1825,0.4990300716801435,-0.7858179868039172
EBND,1825,-0.07319287662534867,0.26167231933415536,1825,-0.07768805898312235,0.1799464788073827
ECH,1825,-0.24495466446882905,0.7867030897204531,1825,-0.26159295600211274,0.5520049823630848
ECNS,1825,-0.0780920277363748,0.8345802087930373,1825,-0.10280125082858198,0.6104676218692621
ECON,1825,-0.17175079908537505,1.0344923872087382,1825,-0.19927846507415092,0.7457733778323782
EDC,1825,-0.4082625429719362,3.1516524550785214,1825,-0.4949456292003061,2.281979278030405
EDEN,1825,0.05412100241732946,0.7033314281449353,1825,0.03675109751508057,0.5022958937704087
EDIV,1825,-0.21170176049652611,0.9445689682233219,1825,-0.23325939412671004,0.6683433865755681
EDV,1825,0.13136456085865297,-0.46668849292062253,1825,0.13528401557255768,-0.3064945192179275
EDZ,1825,0.34896627096492683,-3.1597267263087945,1825,0.43571332356166537,-2.2872684544152087
EEB,1825,-0.1456118738222752,1.092776959832721,1825,-0.17760605419932213,0.7980636183265545
EEH,1825,0.6855920498057392,0.23337897262271212,1825,0.6659760342575397,0.2154775439558904
EELV,1825,-0.1493194493877904,0.755472340155024,1825,-0.16401108494764116,0.5255598599485101
EEM,1825,-0.14844873940400827,1.0509025972291137,1825,-0.17745154337286081,0.7612624524801982
EEMS,1825,-0.12738364901340968,0.8280443523035572,1825,-0.15106424865425552,0.6027444848129153
EEMV,1825,-0.11933239616389858,0.7598155691258556,1825,-0.13967554361785714,0.5481957345986305
EES,1825,-0.02165421990722815,1.0161010445045917,1825,-0.04285191226634383,0.7119367584444019
EET,1825,-0.2537109610898622,2.04123382088296,1825,-0.3101292570958782,1.4789448016521742
EEV,1825,0.22025369531765393,-2.104803476421074,1825,0.2781504850130421,-1.524021886477008
EFA,1825,-0.09410433096738655,0.8884178863841912,1825,-0.10977029375465984,0.6123699089377491
EFAV,1825,-0.035673049772748884,0.6137916975025826,1825,-0.0468328809358814,0.4242607945719988
EFG,1825,-0.05336220392407989,0.8539396413442931,1825,-0.0717251377750826,0.6002490289442692
EFNL,1825,-0.035285244897964814,0.8639545033481215,1825,-0.05238617986287777,0.6020834713162495
EFO,1825,-0.02656531646873092,1.3472545525647885,1825,-0.04388638220180391,0.9059621274643146
EFU,1825,0.08577991251446386,-1.6596478894510258,1825,0.11094766022766138,-1.129526802441758
EFV,1825,-0.13547495242965862,0.9144286021286032,1825,-0.147514213762577,0.6159046280222893
EFZ,1825,0.053055984964123996,-0.8984337203124181,1825,0.06847071756853056,-0.6177662082692873
EGPT,1825,-0.20544915164911678,0.574519957877896,1825,-0.21885965287252437,0.407561205151871
EIDO,1825,-0.1743779356778001,1.0626443025512928,1825,-0.19808557582954375,0.7499698156813643
EIRL,1825,0.014802310927509277,0.8171033395260215,1825,-0.0013146334504340186,0.5692337241980256
EIS,1825,-0.04755381572137574,0.7560085519252652,1825,-0.07111092559107468,0.5571319253925495
ELD,1825,-0.12323608617609595,0.2893895786588093,1825,-0.12613481106122942,0.19170463254805323
ELR,1825,1797.1210827057596,-133.13520222236696,1825,1788.0451651032536,-51.51890462336574
EMAG,1825,-0.04331503100648873,0.10761173085139578,1825,-0.038479782993635143,0.05045295990292455
EMB,1825,-0.043640093275081525,0.1883050549675197,1825,-0.04690190384578412,0.12958843383207092
EMCB,1825,-0.030561748931013565,0.09549490516971287,1825,-0.028722324758649727,0.05340906056419643
EMCG,1591,-0.1146785854145024,0.7696497334781317,1591,-0.14975159181178324,0.562506982724615
EMFM,1562,-0.15090142061287135,0.7747818728517865,1562,-0.18052389443973302,0.5352678043499163
EMHY,1825,-0.058886237810877685,0.1978865526547921,1825,-0.06284995229839438,0.1380705209650593
EMIF,1825,-0.1312523749647352,0.7922677222300433,1825,-0.14993340360865312,0.5626920461201023
EMLC,1825,-0.13804263650828044,0.3020377919748943,1825,-0.14221355294513124,0.2041193173722693
EMLP,1825,-0.06681737409932054,0.6691668943794955,1825,-0.06492022822052894,0.41298578927594576
ENFR,1566,-0.15177650710415178,0.8646807849726961,1566,-0.17115839411514008,0.5457736244847224
ENOR,1825,-0.17473712529142538,0.9483204501985931,1825,-0.18269048778521776,0.6227641298723741
ENZL,1825,0.030888902823203782,0.5221597265437947,1825,0.020602781568623326,0.3637151831997329
EPHE,1825,-0.1077403893551775,0.8298061535734963,1825,-0.12531415307221752,0.5823331522208168
EPI,1825,-0.06736944414258036,0.9157494267924846,1825,-0.08233333560721127,0.6270373539777652
EPOL,1825,-0.17769187862179625,0.9255561828685894,1825,-0.20196250012072528,0.6659781478794493
EPP,1825,-0.12890861861301658,0.862988822415007,1825,-0.147562934742412,0.6069508787800006
EPS,1825,0.0064382106534106405,0.9295151991678043,1825,-0.014885604353279494,0.6580785558361038
EPU,1825,-0.12617837030733575,0.6194228892587061,1825,-0.13239573537236096,0.41037859293736856
EPV,1825,0.08553357994630258,-1.82666180995262,1825,0.11670543949237742,-1.2554244041880338
EQL,1825,-0.002717633621595395,0.8594037987069505,1825,-0.014539995207353685,0.5806314541794405
ERUS,1825,-0.13942941161921013,1.103735982963069,1825,-0.1504103602369525,0.7309005573147783
ERX,1825,-0.5838182200470491,3.259362911976785,1825,-0.5779166348968244,2.023326086372398
ERY,1825,0.530292888023361,-3.277461711072088,1825,0.5244093511098407,-2.0347403916944673
ESR,746,6.290850063086056,-2.74065496736111,746,6.189358460980712,-1.1333867140316276
FAB,1825,-0.03985980037255901,0.9597257394409366,1825,-0.04766395586207492,0.6293912891254813
FAD,1825,0.015130264848450314,1.0244035801565214,1825,-0.020760888895321794,0.7689132787859664
FAN,1825,0.03123423404161029,0.8587953063239834,1825,0.015403598056197364,0.5943722135187358
FAS,1825,0.06225827124777695,2.9993074129193817,1825,0.030456399069196137,1.993072320690493
FAUS,1825,-0.01112122271238288,0.28171350828781483,1825,-0.020979545652721334,0.21141135553970025
FAZ,1825,-0.11862835826920544,-3.0056359462946522,1825,-0.08586783646919682,-2.000418895223788
FBM,742,0.015602577916322583,0.9218809584360794,742,-0.01605880200126681,0.5549382667255244
FBT,1825,0.0477060672923937,1.3152064878092005,1825,0.011002070328965323,0.954155085489058
FBZ,1825,-0.12123561401442395,0.7628518765952942,1825,-0.13693745488750067,0.5337472206674528
FCA,1825,-0.07126597804420916,0.8306652778271735,1825,-0.09292759989913718,0.597274729574
FCAN,1825,-0.14355625695165522,0.6856601611307004,1825,-0.14946691872715304,0.4508388861191476
FCG,1825,-0.5860621563691444,1.3939366269443711,1825,-0.5820444107908666,0.8600557682637613
FCOM,1572,-0.02574290722243631,0.8351832614527867,1572,-0.052326581752197066,0.5578888467354306
FDD,1825,-0.09316837525134067,0.7751690002618767,1825,-0.10126198458661013,0.5146658138729698
FDIS,1572,0.006025367306143135,1.016087628090267,1572,-0.041191145125219056,0.7309286041928558
FDL,1825,-0.02314705730381154,0.7348343727417292,1825,-0.022316062234584804,0.45792571981176355
FDM,1825,0.02720754219303364,0.8668967553280023,1825,0.009849906464762807,0.6048331487595482
FDN,1825,0.0903146238418113,1.2215638901638133,1825,0.017215316196376083,1.023658666624985
FDT,1825,-0.08911443496201814,0.8928582741774409,1825,-0.10966372594010675,0.6323601707993989
FDTS,1825,-0.016932655147360844,0.4711274884087401,1825,-0.03408588865326181,0.35590510041199214
FEM,1825,-0.14083560513904853,1.0384445600857988,1825,-0.16531329256147528,0.7375059871309506
FEMS,1825,-0.08571459353629966,0.9207992279237223,1825,-0.11459031365826057,0.679219980897436
FENY,1572,-0.26226947540857504,1.1143618791674987,1572,-0.2795291632613282,0.6804721310297139
FEP,1825,-0.06485050675436414,0.9389970528535307,1825,-0.0850071042595833,0.6599126642698339
FEX,1825,-0.011798960241841827,1.0091891419651455,1825,-0.03162263899001107,0.7027608677716985
FEZ,1825,-0.11825874006213331,1.0385575109145158,1825,-0.13482479921654353,0.7097017374091505
FFR,1825,-0.046377248094623735,0.6084094567654428,1825,-0.04821178988915269,0.3880294584549766
FGD,1825,-0.13133661327101276,0.8538438844034015,1825,-0.1414812870552489,0.5712335298724194
FGM,1825,-0.06738835402395014,0.9222702127569482,1825,-0.09131561646548501,0.6627075828987102
FHK,1825,-0.06569415116342832,0.5911057718213211,1825,-0.08596350956649823,0.4421289003629266
FHLC,1572,0.021139777982317642,0.9730383247685319,1572,-0.012973945530064715,0.6610003072949391
FIDU,1572,-0.024839420876925734,1.0231801210766442,1572,-0.05957334880314555,0.6910699283347477
FILL,1825,-0.19458764954086982,0.9177948283372774,1825,-0.19497163179791882,0.5769506523930051
FINU,1825,0.0665316518398404,2.875414415931651,1825,0.045867048012016035,1.8761324537598114
FINZ,1825,-0.20582401194057684,-2.3508332003590655,1825,-0.18338592736994178,-1.553388294297319
FIW,1825,0.030230930058844634,0.9688454571220882,1825,0.013896525019529196,0.6651654265148532
FJP,1825,-0.058537388417628,0.8197183043577636,1825,-0.0751959306207289,0.5727819220506085
FKO,1825,-0.08475783470370425,0.44336034392777623,1825,-0.0970633296244312,0.32141078655385835
FKU,1825,-0.07902212791623736,0.8210251113897852,1825,-0.09438966497570514,0.5690528838404493
FLAG,1757,-0.016605981345556974,0.7143140049190622,1757,-0.027223742709900616,0.46747182248896907
FLAT,1825,0.07137657110806483,-0.09782559713663666,1825,0.07967526021113056,-0.09059043609360168
FLM,1825,-0.06817005438971734,0.7645935657042155,1825,-0.07926459883165117,0.5186066111320509
FLN,1825,-0.10772584788098741,0.7393711261391684,1825,-0.12365228202198329,0.5198125087527087
FLOT,1825,0.0015818538487950297,0.003637840438880684,1825,0.0018696561083944244,0.0012674670653548756
FLRN,1825,0.0012550963044486547,0.0024043658849314826,1825,0.0021211271238986305,-0.0015433863234783638
FLTR,1825,0.00641084816042926,0.0067060943407261904,1825,0.006813956865634197,0.00278547176688311
FM,1825,-0.0494862242442671,0.5223021536252077,1825,-0.06016098721906554,0.3651738104649416
FMAT,1572,-0.0801449353474241,1.026768013885817,1572,-0.1127834980207882,0.6857127264160663
FMF,1630,-0.03415428401129379,0.0859799408439181,1630,-0.03807999645053975,0.0613019750405396
FMK,1825,0.005901206799951857,0.8330568412198776,1825,-0.01256987460633681,0.5875333554572657
FNCL,1572,-0.012852315593358471,1.019677844610114,1572,-0.0361853788631706,0.6491135214403208
FNDA,1621,-0.040472442369314736,0.9943605955207988,1621,-0.07608553932218874,0.6891165274715786
FNDB,1621,-0.018179186912559642,0.918095594272474,1621,-0.04559339919364782,0.6174489615719991
FNDC,1621,-0.056957435964768675,0.7785799965770348,1621,-0.08415982234028611,0.5372266325501354
FNDE,1621,-0.10782622318270929,1.015243486708883,1621,-0.14457251864453288,0.7049146621530948
FNDF,1621,-0.10316250313168393,0.8913423007832875,1621,-0.12962953179026096,0.5989460755537441
FNDX,1621,-0.018641281292951027,0.9372942336281098,1621,-0.04631164598970503,0.6292694381199049
FNI,1825,-0.03074606742982694,1.1132807650189154,1825,-0.08164953616794667,0.87754584965423
FNK,1825,-0.048403027382310046,0.9646285805201563,1825,-0.058591808145844256,0.6408678850218701
FNX,1825,-0.03148890402742967,1.0584079829753046,1825,-0.0555843601821584,0.7486793896591691
FNY,1825,0.005267016195061222,1.0697460376417354,1825,-0.03279577217590765,0.8050012695693036
FPA,1825,-0.10372215702645356,0.7903019603821833,1825,-0.12576429760277055,0.5733014384747099
FPE,1749,-0.012657688487256721,0.09093736661929441,1749,-0.01524730025437767,0.06346328252175124
GAL,1825,-0.04076583955170602,0.5689656598152172,1825,-0.052791408401301046,0.39919827003556463
GASL,1825,-1.7848801875296987,4.116136987136293,1825,-1.7713627479582066,2.533821518925672
GASX,1041,1.3153144770204537,-4.1418286508326405,1041,1.3450790824349523,-2.3606190938585376
GAZ,1825,25.11393247767005,-6.926674788535162,1825,24.67394525066455,-2.7938751366537184
GBF,1825,0.020059338484434114,-0.07273623233678346,1825,0.020808482200385958,-0.048256207697099554
GCC,1825,-0.12955620370872284,0.1997991708808179,1825,-0.1282856758308228,0.12082818777751886
GCE,1825,-0.03498435494453537,0.3182766546337887,1825,-0.05227456542342425,0.26052685567093314
GDX,1825,-0.03956763424235132,0.16741865633747965,1825,-0.030440442643018838,0.07283922119843975
GDXJ,1825,-0.04825313183443836,0.20476528060562138,1825,-0.03439278761218271,0.07958492312507169
GHYG,1825,-0.04565828249588513,0.21765727602957535,1825,-0.05102489326678923,0.15541262198951253
GII,1825,-0.04658956933910203,0.6829313999519624,1825,-0.0523303008504921,0.4485288190875767
GLD,1825,0.009897624273617617,-0.10634267316255702,1825,0.014859588007380575,-0.08417564129927732
GLDI,1759,-0.14564922137166122,-0.02997934064356238,1759,-0.14183675100171275,-0.031103036495342903
GLL,1825,-0.014875062835160645,0.21378555008197242,1825,-0.024538764462793256,0.16812442341053743
GLTR,1825,-0.01941038932627,0.024848773229143938,1825,-0.01723993774470545,0.007936817250720894
GMF,1825,-0.08667087848998907,0.9865577684904479,1825,-0.11852954071260242,0.730970463580688
GML,1825,106320.27919289439,577.1858725584625,1825,106118.40646736162,1073.2432230036734
GNMA,1825,0.01001031236259625,-0.04330329546319803,1825,0.009727133368017926,-0.026160064728039778
GNR,1825,-0.18548267290866785,0.9939382498334013,1825,-0.19379720282044177,0.6526459723655889
GOVT,1825,0.02707738888694986,-0.09670090699809156,1825,0.028703642110850396,-0.06637605009722715
GQRE,1563,-0.018781941598609152,0.6001898577939928,1563,-0.038559398985300544,0.40193791689501496
GREK,1825,-0.2435789119845727,1.2993406606172828,1825,-0.2680968123375334,0.901269437585844
GRES,1825,-0.12156351818880268,0.6330466993697311,1825,-0.12812697157277872,0.4201421811467447
GRID,1825,0.010665881273366366,0.8726168317999417,1825,-0.014534456336501323,0.6360527502101666
GRU,1825,-0.16775163796341172,0.08986055262419057,1825,-0.170498808648252,0.0660354366299092
GSC,1825,-0.17767844368634372,0.4589879855689911,1825,-0.1787214682926918,0.29153057966026186
GSG,1825,-0.21727343118034625,0.46055614645345583,1825,-0.21494538283391493,0.2806367349523148
GSP,1825,-0.23781761097259452,0.5406665672432431,1825,-0.23478514312003576,0.32839633895374787
GSR,1825,475.50642130284274,76.87448767467774,1825,471.77236250468906,61.36829603379783
GSY,1825,0.0012737037818471386,-0.00044655755595026064,1825,0.0011505294066397435,0.0001539211086836734
GTIP,1640,0.01744186667481628,-0.0013433974436253063,1640,0.016938328134834233,0.0009866768030094425
GULF,1825,-0.0004315401183172565,0.48585318791501586,1825,-0.008295291915086671,0.33241068036401755
GUNR,1825,-0.16539173281414524,0.9322888053697491,1825,-0.17258567275107098,0.6100341579431339
GURU,1825,-0.020599916959197644,1.0327529351714078,1825,-0.048872164077868305,0.7473058624423539
GVI,1825,0.010501064915190334,-0.047900180700828784,1825,0.011666140414924833,-0.03414565873976046
GWX,1825,-0.10286003967213714,0.8015839718167773,1825,-0.11907710034533847,0.5598534467689142
GXC,1825,-0.09078539221728903,1.1381971834375708,1825,-0.13283522254476182,0.8619781786815393
GXF,1825,-0.10275859866087693,0.8503605176550437,1825,-0.11747477748444837,0.5851557370541467
GXG,1825,-0.27881853398756357,0.8179175680395288,1825,-0.2874972671775642,0.5435372760971805
GYLD,1825,-0.17203094447977407,0.45874797837113523,1825,-0.17539640225858666,0.2995627011095735
HAO,1825,-0.11858005941449948,1.0661288264548312,1825,-0.15395844092421546,0.7932747380380196
HAP,1825,-0.15007510716755712,0.923873517836582,1825,-0.15624396391244016,0.6011448035160922
HDG,1825,-0.01252163482482318,0.27348599499954857,1825,-0.019291404268925862,0.1953695270328481
HDGE,1825,-0.06545414865857786,-1.0535693888298678,1825,-0.03891694911279923,-0.7542478599878807
HDV,1825,-0.033538344120463005,0.756288280223121,1825,-0.03447684822380407,0.4776150889224575
HECO,1825,0.020093867966817974,0.5162178565902904,1825,0.0040334550468628305,0.38033331806943804
HEDJ,1825,-0.061023743547788445,0.9774532021163707,1825,-0.08237864122731554,0.6882525312055718
HSPX,1658,-0.06667113187046549,0.758679324459641,1658,-0.09696278005473095,0.5417796620627433
HUSE,1825,-0.045781108787930506,0.5871031257696443,1825,-0.0698049233756384,0.4528467268660433
HYD,1825,-0.0010830639139401,0.005211289349882688,1825,-0.0030376038832129154,0.010154718024597442
HYEM,1825,-0.04386092266493027,0.16125421180412322,1825,-0.045502096112970784,0.10691341635672541
HYG,1825,-0.06429631287719505,0.31035492009054627,1825,-0.06961159995945826,0.21336739702523455
HYHG,1679,-0.09353120749882578,0.32743822272628764,1679,-0.10716515502316827,0.23095131674643843
HYLD,1825,-0.11459043480140473,0.22390587617328683,1825,-0.11799605672237343,0.1524222864788403
HYLS,1739,-0.03565021481590409,0.18173986139617404,1739,-0.041404800339421954,0.12800867607639504
HYMB,1825,0.011612333673384392,-0.010416215285557537,1825,0.009590582954831266,0.0005906858926805654
HYND,1534,-0.09704047582788669,0.23513960238801185,1534,-0.1038001432436916,0.15288671962834807
HYS,1825,-0.0415614305923101,0.2080227837613943,1825,-0.045771347245164136,0.14529493411229058
HYXU,1825,-0.02023685888185963,0.11956208732037382,1825,-0.020130814787759375,0.07461009406119967
HYZD,1534,-0.042823695849025366,0.19268290819652234,1534,-0.05126711733827529,0.13564026786137526
IAI,1825,0.05399079717916253,1.1197433880712486,1825,0.03632084347567493,0.7645070608009172
IAK,1825,0.003950800580121362,0.9200694030041425,1825,0.002672348393189177,0.5815286499339065
IAT,1825,-0.030728263983890034,1.0677520873985435,1825,-0.03264560905952521,0.6763993012902352
IAU,1825,0.012025119335129135,-0.10612108180033533,1825,0.017074269537301078,-0.08434385422053345
IBB,1825,-0.0004132163210944343,1.2709672906081324,1825,-0.03204875224710946,0.9085526018773379
IBCD,1703,-0.0008266842363528781,-0.007482929127460101,1703,-0.00046088091385599407,-0.0054546820021783345
IBCE,1703,0.005686164595818198,-0.03971053268805018,1703,0.006308299065309583,-0.02460555847245117
IBDC,1647,0.011741856466826127,-0.016893703029828427,1647,0.012127741471254498,-0.010829887302693325
IBDD,1647,0.026116213305242893,-0.04503421101069397,1647,0.026255910008204292,-0.025829957605006913
IBND,1825,0.004148822674266158,-0.02924737706876592,1825,0.0067883540340431,-0.02764245642524716
ICF,1825,-0.007625987485033414,0.6166957403810409,1825,-0.004661544516676378,0.3763179342492502
ICLN,1825,-0.032662261215770844,1.0036135390127445,1825,-0.057406835606591065,0.7166019327758134
ICOL,1660,-0.2044044933208165,0.6702085883817329,1660,-0.2200929122686179,0.4410682320786056
IDHQ,1825,-0.015491132448996399,0.67586207122019,1825,-0.03178174134200924,0.48126571452171424
IDLV,1825,-0.06675309814195257,0.6610987759622271,1825,-0.07607868911838354,0.44746698058388057
IDOG,1654,-0.11490424697216448,0.8645838367810414,1654,-0.14204908453146456,0.5856266589703308
IDU,1825,0.06244117727999287,0.4307593308621963,1825,0.07422482221906164,0.22863461313785738
IDV,1825,-0.13055261836422413,0.8616252212900418,1825,-0.14184442001667572,0.580155300996824
IDX,1825,-0.1924665171941392,1.0595410419804572,1825,-0.21591587747540011,0.7471135975422041
IEF,1825,0.037791864274019954,-0.1474619054173855,1825,0.04022136907827442,-0.10104106282810041
IEFA,1822,-0.0818351876375057,0.8757598623865952,1822,-0.09591512727958597,0.6056988483256396
IEI,1825,0.020704762498738944,-0.0769924843229155,1825,0.022257527229436042,-0.0537569315565775
IEMG,1822,-0.14105130599275284,1.0147620501644887,1822,-0.16733862648315284,0.736725925529546
IEO,1825,-0.22585779446303308,1.2951746334312315,1825,-0.2288745433500077,0.822901565713759
IEV,1825,-0.10306798194951862,0.9194216655118792,1825,-0.11792934597108902,0.6289791738960475
IEZ,1825,-0.38774770168466416,1.3051567297597098,1825,-0.3880224705861167,0.8195010327399594
IFEU,1825,-0.028082810237177604,0.6577385847237336,1825,-0.03927760701159158,0.45194541058324167
IFGL,1825,-0.11786419882311568,0.6996649313088585,1825,-0.12869958445518187,0.4769733285314634
IGE,1825,-0.22641688827333398,1.071621132646082,1825,-0.2273175467058736,0.6752436864357639
IGF,1825,-0.05201466096457189,0.6983412168734238,1825,-0.05828641324739619,0.46006408041312535
IGHG,1558,-0.030784684964780526,0.14278079412892047,1558,-0.03729967029145858,0.10220673612975222
IGM,1825,0.08272698624749247,1.1740299537556664,1825,0.009535724702713126,0.9941715982823855
IGN,1825,-0.0061775260281423505,1.059337531347532,1825,-0.060154067535975644,0.8545425653434116
IGOV,1825,0.008626178010086348,-0.06455059548212086,1825,0.011308614161943998,-0.04993414191301307
IGV,1825,0.09792074643492923,1.1803266587124,1825,0.025207191618042316,0.9964374886161569
IHE,1825,-0.03670817162246934,0.9900100985441086,1825,-0.0512850836955463,0.6722467090667814
IHF,1825,0.08045502129244722,0.8774922141204977,1825,0.06883498766915859,0.591262794564589
IHI,1825,0.12997378907593815,0.9617619512757762,1825,0.1012806661878976,0.7042665291599859
IHY,1825,-0.036367957329239343,0.15818174663500428,1825,-0.03752399178329986,0.10327721753970617
IJH,1825,-0.01597042783775496,0.998640665206934,1825,-0.03623640714071275,0.6977037192834387
IJJ,1825,-0.02567692081862635,0.9934722127830931,1825,-0.03999712071577872,0.673513508799144
IJK,1825,-0.009689417866530242,1.0077156424689324,1825,-0.03578639643449275,0.723939512921344
IJR,1825,-0.007837027196834928,1.033700477036776,1825,-0.03305945245428866,0.7371546605558591
IJS,1825,-0.022510071562168398,1.013161749568176,1825,-0.04228691324940461,0.7050872791879488
IJT,1825,0.006900260627417518,1.049603311974601,1825,-0.023330256924299037,0.7647732124611639
ILF,1825,-0.2039765521225343,1.1018797844587702,1825,-0.22048287077649678,0.7492040061620175
ILTB,1825,0.04783150343214211,-0.13664470820080454,1825,0.0478708826488555,-0.0858358815434393
IMLP,1775,-0.20957530424082638,0.7809556036476983,1775,-0.20997719546779822,0.48444917641299595
INCO,1825,0.03512796449219253,0.745969716519377,1825,0.022663154558312523,0.5117544731387721
INDA,1825,-0.05654718000434172,0.8830252494957154,1825,-0.07135754781767324,0.6059733777345161
INDL,1825,-0.21523048535448056,2.695311971170643,1825,-0.2590137504431151,1.8446347854984142
INDY,1825,-0.03485789027960424,0.8955192749927572,1825,-0.04900965106723149,0.6114885690380848
INKM,1825,-0.041762219900635576,0.38224055506994026,1825,-0.045983402004036826,0.25459582090628474
INP,1825,21.225182980945547,-7.772748478114962,1825,20.693466689749336,-3.00130321566407
INR,1825,0.22242551112075487,0.12162984524030612,1825,0.22666207847386197,0.06135379732111222
IOO,1825,-0.0475005359248285,0.959445706116145,1825,-0.07072076570736237,0.6835312121014769
IPFF,1825,-0.1496681765566196,0.3040482203405632,1825,-0.15275013210148347,0.2015434211008167
IPO,1578,-0.03388415222942615,1.0616874679450992,1578,-0.09872387518064894,0.823508273131146
IQDE,1706,-0.12571662071119677,0.7238961548908319,1706,-0.1467956727729032,0.4876692214568678
IQDF,1706,-0.13834325809210296,0.8665441335466122,1706,-0.166125658934615,0.5924065612507619
IQDY,1706,-0.09987404124998875,0.763259702752594,1706,-0.1269335930359689,0.5305682282560769
JCO,710,-0.018203023593789513,0.12782691327196063,710,-0.027805012143029068,0.09180682875839569
JDST,1587,-0.5542915314446624,-0.27874218324258154,1587,-0.6043693080469829,0.011905102256428754
JJA,1825,-0.032108728110322726,0.10696867512950074,1825,-0.03746232680921966,0.08594809011470145
JJC,1825,-0.0486826826829158,0.3858546624678125,1825,-0.04930980180657288,0.24419943556459162
JJE,1825,1.086891430567386,0.3605443765295083,1825,1.0611691190491022,0.3167440555880218
JJG,1825,0.03901933275398307,0.01921343755532754,1825,0.03511506862433428,0.025805681845258256
JJM,1825,0.05999327364641784,0.2502919996153486,1825,0.056623210330270055,0.16884513869023904
JJN,1825,0.40578115728629843,0.4099347532337568,1825,0.3883561229226316,0.31848553152683523
JJP,1825,-0.07249126305870507,0.008414961231409548,1825,-0.0737787808516132,0.009813787183940418
JJS,1825,-0.01152815563750458,0.09444380320148028,1825,-0.015622491023746505,0.07365630935204819
JJT,1825,0.1903136929871964,0.10311772249069999,1825,0.19131258869734608,0.0611511721499919
JJU,1825,0.2537054768776611,0.1891292990149379,1825,0.23427501224997932,0.18707247643851505
JKD,1825,0.01307476649931439,0.929573030789164,1825,-0.006210059883609412,0.6509308443031693
JKE,1825,0.03778302490463797,1.0587389231738533,1825,-0.00644789398630781,0.8198303360171884
JKF,1825,-0.035260497599732786,0.8931368342701465,1825,-0.040266742352002345,0.5777719629116492
JKG,1825,0.00461877676609682,0.9471407899542524,1825,-0.013061862356499974,0.6562964743241695
JKH,1825,0.029294932957430787,0.9976046295622099,1825,-0.005277484827026002,0.7474599266605382
JKI,1825,-0.0014492760451103547,0.8947592337105246,1825,-0.007109340426274931,0.5810930621690436
JKJ,1825,-0.011780221315314697,0.9595868279816973,1825,-0.02823126010669067,0.6597697860163507
JKK,1825,0.0051287279529814425,1.046602912866902,1825,-0.037561720041163336,0.8067916506183683
JKL,1825,-0.014808665931773865,0.6979467431233302,1825,-0.02449122243144673,0.4718339919100304
JNK,1825,-0.07135138202401527,0.2984628530563912,1825,-0.07689737049473269,0.20672208327831793
JNUG,1587,0.29461301771209725,0.25701796038209734,1587,0.3432662189973617,-0.01952042903733918
JO,1825,0.24858083628856656,0.17096469024549557,1825,0.2424851492068302,0.12869798640250377
JPNL,1656,-0.17272191568532877,2.4994611229408945,1656,-0.260137750891409,1.7247261450104976
JSC,1825,224.593260164489,0.6883436976509874,1825,225.8809316235856,-4.105163745229494
JXI,1825,-0.010284178487699615,0.5275774651701886,1825,-0.005994732425758796,0.31575875068992076
KBE,1825,-0.03868976074282716,1.1038791209234216,1825,-0.04321674901065772,0.7082510496322201
KBWB,1825,-0.027185000817183773,1.1604197268100434,1825,-0.029780157265085982,0.7369042247392477
KBWD,1825,-0.12685920609973672,0.699279362759257,1825,-0.13212175924888386,0.4570967240644673
KBWP,1825,0.06467414076563795,0.6473968561547152,1825,0.06652482376210242,0.3994963477896881
KBWR,1825,-0.021659530592906037,1.011837855590784,1825,-0.02660100894406665,0.6519874708040484
KBWY,1825,-0.08743632229688993,0.7108784274032927,1825,-0.08596504238322969,0.44064575778518467
KCE,1825,-0.06614717007397793,1.2081757906594408,1825,-0.08411259348534432,0.8210087361659795
KFYP,1638,0.029716301129579636,0.35849186236277153,1638,0.007324559771720797,0.2724086206444166
KIE,1825,0.03364016237947716,0.879630410574926,1825,0.03053218952114861,0.5626131762747861
KNOW,1825,-0.03190862467213986,0.8944668218448857,1825,-0.047170080301719305,0.6147383143759582
KOL,1825,-0.3569007956817288,1.0743855628668482,1825,-0.3761451260823986,0.7416077761988447
KOLD,1825,0.5284016932140492,0.006516506505456217,1825,0.4694114068073048,0.2119276752319185
KORU,1710,-0.298365051393065,2.605837601012016,1710,-0.4271429108424901,1.942126983954084
KRE,1825,-0.025502812982795994,1.0920388143685624,1825,-0.030111883638086794,0.7011145674097314
KXI,1825,-0.02191068122801508,0.6421506016552339,1825,-0.02496463309724787,0.413486672966225
LBJ,1825,-0.5614440953907536,3.1529093136832755,1825,-0.6125910791716477,2.1575629584729636
LD,1825,0.6553059174061335,-0.05787752219449618,1825,0.6452431694076832,-0.0008439205820052892
LEMB,1825,-0.08299969296539479,0.29428464675283844,1825,-0.08628497197088965,0.1961365375537713
LGLV,1743,0.02992208503709826,0.6951112267374338,1743,0.016514881525529945,0.46171446423650464
LIT,1825,-0.15975604257384027,1.0447939816031542,1825,-0.18979688241865803,0.7610887339684638
LQD,1825,0.015938115226947873,-0.014415612301111063,1825,0.015339339476281418,-0.0069311240910076895
LTL,1825,-0.004660285419771604,0.8538883719558794,1825,-0.017663286126680687,0.5813321907069648
LTPZ,1825,0.05738165367978972,-0.20557886401062886,1825,0.06007991050934516,-0.13843618245574554
LVL,1825,-0.1365017740456162,0.7996494694351604,1825,-0.14353487329121176,0.5262823116294113
MBB,1825,0.007003758915323055,-0.036912034367329975,1825,0.007417910955936465,-0.024608676864227158
MCHI,1825,-0.09684552857364598,1.1431340271339525,1825,-0.1400757283647512,0.8692331377251779
MCRO,1825,-0.03708771566967094,0.17146631013079114,1825,-0.04113998488866808,0.12181299243946796
MDIV,1825,-0.10380539897114967,0.5074311470106128,1825,-0.1045018903520047,0.3206909103341983
MDY,1825,-0.017299519686044925,1.0084189663750487,1825,-0.036934639376559386,0.7016134985970546
MDYG,1825,-0.012063406000908635,0.9794945276362005,1825,-0.03776214687174646,0.7048374432796263
MDYV,1825,-0.0333768291800681,0.9527437993334886,1825,-0.046993729503424855,0.645492623172758
MGC,1825,0.00574707819574429,0.9792780838374883,1825,-0.018529780119102696,0.69969197259607
MGK,1825,0.028422441012596493,1.054911709407723,1825,-0.013315658366535843,0.8086471215952246
MGV,1825,-0.014879186327442633,0.9298309795343335,1825,-0.023781446332952018,0.6145116594456718
MIDU,1825,-0.05314143126650391,2.9830425520360517,1825,-0.11318150135920975,2.0823635761650894
MIDZ,1825,-0.011343786842215814,-2.9545881203860347,1825,0.04800124007871488,-2.062069444682073
MINC,1724,-0.004547481542529717,-0.003141018953948746,1724,-0.005409854350541591,0.0011311533485107534
MINT,1825,0.0013717426333120506,-0.003571778645465368,1825,0.0015315497998815142,-0.002803101181432207
MLN,1825,0.020703593511815766,-0.04708617224405557,1825,0.02030928169445562,-0.02814095225091225
MLPA,1825,-0.2478860471115864,0.8229828374458907,1825,-0.2527488636553134,0.5332693329900793
MLPC,1592,-0.24628547568855355,0.722847584612937,1592,-0.25700896475006535,0.4503665556624326
MLPG,1825,-0.19878452040576997,0.7038891692467164,1825,-0.2015098496341484,0.45104836175219887
MLPI,1825,-0.2390974602701483,0.9016675523414701,1825,-0.24168974906741894,0.574616922760385
MLPX,1627,-0.17759238365934066,1.0431370643344793,1627,-0.20098265249590283,0.6640654123700903
MLPY,1825,-0.329931014345422,0.7212764434928429,1825,-0.323626225906059,0.4301369751222741
MMTM,1821,0.06607033795813813,0.6605624623864119,1821,0.04692704447071968,0.4847569309231923
MNA,1825,0.03454250329274914,0.16182510682905754,1825,0.03138819543360304,0.11260269039115021
MOAT,1825,0.03554195355651657,0.934968679268448,1825,0.020300002107061982,0.6400704559275521
MOM,1825,0.031032364483461333,-0.03284204332390088,1825,0.022106986083615214,0.010849853595060932
MOO,1825,-0.09045637530300146,0.8904306951430523,1825,-0.10424737229563068,0.607026169764853
MORL,1825,-0.23150514083088056,0.9808611207896394,1825,-0.23562350777698945,0.6296602458010475
MORT,1825,-0.08795963947229311,0.4953863834385799,1825,-0.09101472906360342,0.3214470640910507
MRGR,1789,-0.012748437663466132,0.04080575081546359,1789,-0.014452463465125303,0.031584081320911964
MTUM,1704,0.040058326063104784,1.0290700570532292,1704,-0.016467275545828587,0.7777415628767088
MUB,1825,0.012664900136723514,-0.029431151053079543,1825,0.013441619602440745,-0.021194454545997665
MUNI,1825,0.01218631372461102,-0.040207344113837265,1825,0.012532578654606514,-0.026436153142725974
MVV,1825,-0.02601352426443658,2.00470131074111,1825,-0.06629087828014152,1.3991638514966243
MXI,1825,-0.13970704130780762,1.0006947020777814,1825,-0.1549793206123329,0.6813975815805273
MYY,1825,-0.005822477778173279,-0.9860682025049736,1825,0.013628334745407818,-0.6869467797953251
MZZ,1825,-0.014972147461369576,-1.924547883550113,1825,0.021895553155786247,-1.3368821382440519
NFO,1825,0.006389058988658102,0.8939465780003428,1825,-0.01126207426034841,0.6228316073379976
NFRA,1583,-0.04025507094667648,0.7226032660709965,1583,-0.05641607228989594,0.4719232183263744
NGE,1715,-0.3324013761183818,0.4116252151097183,1715,-0.3529921924918442,0.3099781181785877
NIB,1825,0.002991886501856302,0.20287183794121727,1825,0.0034635104509692784,0.1255700030816979
NLR,1825,-0.05421329760759405,0.5218665696809661,1825,-0.05391178552736882,0.32622785717877545
NOBL,1582,0.01171842174475432,0.85289536365621,1582,-0.006751500421129235,0.5489595593677302
NORW,1825,-0.19113610097613862,0.9801505875687482,1825,-0.20158734246317023,0.6515272874981357
NUGT,1825,-0.21339598509283095,0.47068968504446057,1825,-0.18704321324491294,0.2023455619909069
NYF,1825,0.01160864105782354,-0.03107356081336336,1825,0.011861651609527266,-0.020379309980937087
OEF,1825,-0.003887529859475255,0.9976669304128707,1825,-0.029731425762438493,0.7167457455022387
OIH,1825,-0.4202590640611819,1.3051326016047085,1825,-0.4188426425314621,0.8135273193397452
OIL,1825,-0.15549107519352742,0.8331095080681477,1825,-0.15499262109079298,0.5207309077726815
OLEM,1825,-0.1877465595369215,0.5586497165201518,1825,-0.18198484280021662,0.3300585457783227
ONEQ,1825,0.04551506552097612,1.0993701570187218,1825,-0.007568219490268667,0.8765019300415147
PALL,1825,0.21999758241706255,0.4969333480205424,1825,0.21242917711111342,0.33831903978220457
PBD,1825,-0.0016812933471650438,0.9451313219754585,1825,-0.02757811487703373,0.6839843550752547
PBE,1825,-0.007133838041285741,1.2795593586129403,1825,-0.045749913908378126,0.9385357210693006
PBJ,1825,-0.011413500252288733,0.719789303804712,1825,-0.01650769665111506,0.46936642245065396
PBP,1825,-0.10106959377064108,0.6562020350190938,1825,-0.1147783142225357,0.45983908117139294
PBS,1825,-0.015208010581765595,1.0173259822808587,1825,-0.049236704539192974,0.7579125264590679
PBW,1825,-0.05521813525789891,1.2515012586520116,1825,-0.10118668729245679,0.9468440231824686
PCEF,1825,-0.08590681329246712,0.4108308489324134,1825,-0.09441363320695566,0.2876259223379336
PCY,1825,-0.0423128777766208,0.19220181053826582,1825,-0.04714608032810925,0.1375687904761121
PDN,1825,-0.05627305563025169,0.7952407078738429,1825,-0.07117793020288868,0.5512520167258281
PDP,1825,0.009970369218642477,1.0202887089406867,1825,-0.024116386562800112,0.7599751788965798
PEJ,1825,-0.019825503231297094,0.9525746826128707,1825,-0.04554081828491916,0.6880129780581936
PEK,1825,-0.06173867010816947,0.9385630042962853,1825,-0.08801745111835696,0.6812107751623406
PEX,1738,-0.1001168462816258,0.5023114922806486,1738,-0.11944837259544952,0.3655789734235079
PEY,1825,0.009197718628516266,0.7565312427053819,1825,0.010930779369242864,0.4683547231829691
PEZ,1825,-0.04325653864860921,1.0451277824338097,1825,-0.08062316904574898,0.7871090798008573
PFF,1825,-0.040492047630831404,0.17995875141547885,1825,-0.044707763288669385,0.12771492414873706
PFI,1825,-0.009207112261633607,0.8688778816615855,1825,-0.023658187942070648,0.5958349176601339
PFIG,1825,0.011545814083428047,-0.03284466689213367,1825,0.01217039462996136,-0.02279921922741589
PFM,1825,-0.006732879888792173,0.809060479772354,1825,-0.014085456742820615,0.5333100722136423
PFXF,1825,-0.04444422095762751,0.25843302573363874,1825,-0.0471228466163395,0.1715146610824683
PGAL,1558,-0.1748261366305213,0.8653243730792655,1558,-0.2035911487291712,0.581294057229113
PGF,1825,-0.01810029286392501,0.13667897787109723,1825,-0.02205429914555395,0.09964980280822928
PGHY,1659,-0.02737509938903918,0.08652653616552917,1659,-0.02972108575141751,0.05791249720140959
PGJ,1825,-0.010289451026231728,1.2129343482815045,1825,-0.08248771334915679,1.0150719653107179
PGM,1825,0.23968785530802839,0.10234347720748013,1825,0.2367473907139236,0.07454517361898728
PGX,1825,-0.020411420317500026,0.14415424247912884,1825,-0.024462611397467228,0.10468034909526183
PHB,1825,-0.03731523439702013,0.21898423796861072,1825,-0.04082981491975912,0.14971956088492042
PHDG,1794,-0.04220550432948643,0.40717245992563667,1794,-0.05113875958798179,0.28826314360632865
PHO,1825,-0.01614354887828747,0.9889302459593847,1825,-0.032254158531806174,0.6769731621492077
PIC,1691,3324.509237087195,-57.99003168426226,1691,3318.4388903135573,-11.912238667899718
PICB,1825,-0.014284021282760566,0.03578018284441582,1825,-0.014311165112394523,0.022535284460824485
PICK,1825,-0.24309888571002855,1.206303123123004,1825,-0.2607563389865138,0.8187492141149975
PID,1825,-0.11623212441306588,0.8710756470618644,1825,-0.1249257586704075,0.5769280250063276
PIE,1825,-0.12638825940804183,0.9577045132888302,1825,-0.153756431651208,0.6970536882911295
PIN,1825,-0.10478384869903642,0.923527646237403,1825,-0.11717995351477453,0.6228683894640281
PIO,1825,-0.02148045948301089,0.8993125573009589,1825,-0.034716417132722326,0.6106408826869865
PIZ,1825,-0.051127335213784236,0.8508098947804997,1825,-0.07223392080192065,0.6079529236137466
PJP,1825,-0.038611325452553594,1.0531368721327288,1825,-0.05386221814027037,0.7142114934299248
PKB,1825,-0.01325287153771081,1.0882331814718795,1825,-0.031003837595933982,0.7450307720152687
PKW,1825,0.00159665228203,1.00422111856268,1825,-0.01585796719887897,0.6912982363914342
PLTM,1825,0.010385286070957974,-0.3774481000818639,1825,0.011844975986708986,-0.24186063652671536
PLW,1825,0.05529330151034528,-0.19895376057625747,1825,0.057622019073058015,-0.13297922915879523
PMR,1825,-0.023347817301254868,0.7883935994014013,1825,-0.031109841798794897,0.5217913858463228
PNQI,1825,0.07590841831832211,1.216404924472359,1825,0.0026308117156671174,1.0210514076783754
PPA,1825,0.1029228034952943,0.947883111709876,1825,0.0828340920971003,0.665246399072057
PPH,1825,-0.04909859206355425,0.8704957332093932,1825,-0.05733013379605905,0.5749362369481416
PPLT,1825,-0.11883280010136948,0.23117239893618632,1825,-0.11824068563114429,0.14289425938895628
PRF,1825,-0.017607759504226342,0.9703268927399622,1825,-0.029227374502922027,0.6494828653490612
PRFZ,1825,-0.02376616972348581,1.0238153285489324,1825,-0.04819338396509754,0.7281533884573801
PRN,1825,0.005525171918165398,1.0495267567521562,1825,-0.023684605298105066,0.7611288200992654
PSCC,1825,0.05245546131385493,0.6992334322786997,1825,0.04574457900414005,0.4621708254158213
PSCD,1825,-0.009064395353723853,0.9393041465152114,1825,-0.02787451287128723,0.6553611979866256
PSCE,1825,-0.5160859495119993,1.51288941019535,1825,-0.5214339267370279,0.9676556683898629
PSCF,1825,-0.015493906553114634,0.8651103765218627,1825,-0.02133403369316925,0.5631331091018947
PSCH,1825,0.11179168974083978,1.0200648068985694,1825,0.07845794584836248,0.7571816667729435
PSCI,1825,0.009278371907138398,1.0517914440517844,1825,-0.016396073309295593,0.7500930691287051
PSCM,1825,-0.06358043765846035,0.9757770650014417,1825,-0.07832874874278689,0.6639243107681967
PSCT,1825,0.0699598444994762,1.127249090007874,1825,0.00937188060843818,0.9204275660189256
PSCU,1825,0.018803595536093967,0.5869085327137192,1825,0.016051673201783388,0.3777773021141319
PSI,1825,0.14431389908289155,1.2843108773217398,1825,0.0542615151633636,1.122741501845439
PSJ,1825,0.09262414379553563,1.1211698531927525,1825,0.020392835966413104,0.9576380178080943
PSK,1825,-0.03182802252067149,0.15209401044095147,1825,-0.03326095687200462,0.10043487868232777
PSL,1825,0.04262548744134479,0.7298894884060232,1825,0.029607466747687265,0.5036188408689068
PSP,1825,-0.08720506817701137,0.9128524956996757,1825,-0.10574551561582557,0.6378218360419821
PSQ,1825,-0.07288768169107587,-1.1434460134950046,1825,-0.010377784165681704,-0.9373570751805369
PSR,1825,0.03525105256866545,0.49051011123877564,1825,0.037885743915046496,0.2983420562391882
PST,1825,-0.12930828727761626,0.29548853675275166,1825,-0.1339552789975604,0.20168929130669067
PSTL,175,-0.11986300701424554,0.2980074263957644,175,-0.1457334158735383,0.22217447769520932
QABA,1825,-0.009084393425836314,0.9526919182271458,1825,-0.015295246686505448,0.6193663158940219
QAI,1825,-0.02406530954175152,0.2500184324769018,1825,-0.03170663295738967,0.18372252648441287
QCLN,1825,0.04074835710133593,1.2556696835087418,1825,-0.01720763518099456,0.9916936831543739
QDEF,1785,-0.006050182603824795,0.8092745936644741,1785,-0.01789427076511158,0.550745643724945
QDF,1785,-0.020547216806011275,0.9006530270740558,1785,-0.034609274616253356,0.6160044405782565
QDYN,1785,0.001766483668215031,0.7802538524213329,1785,-0.011960742932310808,0.5390465596746006
QID,1825,-0.1416593814303544,-2.281455886997541,1825,-0.01705125446354162,-1.869854426321492
QLD,1825,0.12005752771588658,2.2807616005586357,1825,-0.0049164615676875354,1.870708047397202
QLT,1825,367.31233067489757,-133.61031658529657,1825,358.0883720907737,-51.295280338384046
QLTA,1825,0.02169884309288504,-0.05421902173555371,1825,0.022462420631243485,-0.036693938583531524
QMN,1825,-0.005455077536931604,0.11006802519671502,1825,-0.00802425397397504,0.07808148515822354
QQEW,1825,0.04057939830775284,1.1087243201754524,1825,-0.0058791816775187414,0.8590275585599167
QQQ,1825,0.05809824736968783,1.1511553208469805,1825,-0.004322048813722802,0.9418762973480772
QQQE,1825,0.045200281493544055,1.0752601134357953,1825,-0.0010868608577121713,0.8374363542008251
QQXT,1825,0.01599844058079693,1.0011326700404388,1825,-0.011514928551744592,0.724801359461491
QTEC,1825,0.0973437290526063,1.2256024751482772,1825,0.021610867333993897,1.0354702940586267
QUAL,1641,0.01717994944857591,0.9689455199779198,1641,-0.028017936033361356,0.6948115756763007
RALS,1825,-0.018853391255049874,-0.0012004067077492752,1825,-0.009613243527966471,-0.03330870637182078
RAVI,1825,0.0027795619003872845,-0.0029895554765065517,1825,0.0026036095036997458,-0.0012549745072519892
RCD,1825,-0.017556828780232746,0.9611633805800627,1825,-0.029920986584046762,0.646359193468888
RDIV,1589,-0.011216891993782103,0.7545073605413524,1589,-0.020075985009033865,0.4632775442572504
REA,1825,1559.7830832929324,-13.872147158232401,1825,1553.882297876924,12.09031404354453
REK,1825,-0.041825345341799346,-0.6116618400743359,1825,-0.04158693887604799,-0.38444552720737385
REM,1825,-0.1262641910126791,0.5252207196311769,1825,-0.13002102707588514,0.3426302246031478
REMX,1825,-0.41058051731318657,1.0366917944941745,1825,-0.43158690120900145,0.7241762704934983
RETL,1825,-0.09036240874818385,2.6970267546340247,1825,-0.13448564897234663,1.8469080534919349
REW,1825,-0.18567516832782588,-2.1949408970734896,1825,-0.03327687551416417,-1.9135095496717456
REZ,1825,0.027489675737463987,0.5022096384194785,1825,0.03169866306661873,0.3001327231764991
RFG,1825,-0.06285212603092577,1.0882334725583627,1825,-0.09530138164670632,0.7968175260330751
RFL,460,1.3305203734332647,0.8025251329321565,460,1.282522288364419,0.5585232006809351
RFV,1825,-0.04645413124197337,1.076801734074255,1825,-0.06038809294074068,0.7244130313898339
RGI,1825,0.013710372684454126,1.0116587771319123,1825,-0.002519719214106221,0.6916484008071637
RHS,1825,0.045429441341491565,0.6406183355399921,1825,0.04888599265728479,0.3895872129090715
RIGS,1583,-0.018062244972415504,0.12915674710825967,1583,-0.02271694812078326,0.09033260870478216
RINF,1825,-0.09809770052081662,0.13428369111684346,1825,-0.10145185799689371,0.09603414069005395
RING,1825,-0.048188038677252236,0.16115962351070318,1825,-0.0372004865369244,0.06235923066834434
RJA,1825,-0.12585383722214075,0.13148524888247082,1825,-0.1270059443997488,0.0865205923117669
RJI,1825,-0.15709997206190068,0.3631728470264703,1825,-0.1557042203747467,0.22284727450494085
RJN,1825,-0.23073486080103872,0.5996951446694458,1825,-0.223246275853798,0.3497160234379618
RJZ,1825,-0.06498454123176621,0.19382052419624585,1825,-0.0650395044476437,0.12174877236249604
RLY,1825,-0.131587116362873,0.5514927760675884,1825,-0.13573932866358732,0.3604998546575966
RMM,481,445.3655787496538,57.881183636504,481,436.2888993982536,56.021064554056636
ROBO,1574,-0.024721420943607884,1.077431462611538,1574,-0.08459215737759637,0.8104712591637256
ROM,1825,0.13057715805952558,2.347466139679427,1825,-0.029686577777786164,2.0368785731508288
ROOF,1825,-0.07141111432572786,0.6881640362355919,1825,-0.07335760064445926,0.43844219577906973
RPG,1825,0.01934517189941878,1.1063202847179312,1825,-0.019707769872684713,0.8314275311626591
RPV,1825,-0.025085072886113093,1.0455027615638166,1825,-0.02902798689445827,0.66958226932722
RSP,1825,-0.0030398932245135606,0.9870981554302768,1825,-0.018225500072962603,0.6725650931940665
RSX,1825,-0.1652711951258639,1.1360760128522291,1825,-0.17738753050912287,0.7551830185447344
RSXJ,1825,-0.14276457580071703,0.8484892981937224,1825,-0.15374088917326942,0.5708055058851513
RTH,1825,0.052088262657932344,0.8943615538094334,1825,0.0361342167534783,0.6171125026690456
RTL,1825,19210.778095784644,489.41339308051977,1825,19304.097805142075,-21.856819884697217
RTM,1825,-0.03805525610390841,0.9800738329407013,1825,-0.050200115717678004,0.6574462854742104
RTW,1825,-0.2462411909925069,0.6391391753419818,1825,-0.270980873109835,0.48800351098415096
RUSL,1825,-0.40748585250109465,3.319011923485154,1825,-0.44760250386409733,2.222871469736658
RUSS,1825,0.2640665239448029,-3.3339347302839206,1825,0.3021473238082536,-2.2250574247937616
RVNU,1672,0.036463389609107284,-0.024240539802326454,1672,0.03634965028271872,-0.013442210570331856
RWJ,1825,-0.0469041819417492,1.070572964210424,1825,-0.06725623196820067,0.7431195287534542
RWK,1825,-0.02077199240698359,1.0435338913646646,1825,-0.0410967616462492,0.7260657749695395
RWL,1825,-0.0011425352166310504,0.9467430044186356,1825,-0.01356342783349011,0.6375153056329163
RWM,1825,0.005265037956614918,-1.0625349961059376,1825,0.03451023057479394,-0.7694117555255262
RWO,1825,-0.05994757246298006,0.6763843084305244,1825,-0.06080555329841437,0.42721936645767256
RWR,1825,-0.025514132490121924,0.6434911810994473,1825,-0.021012214021577238,0.387705778236311
RWW,1825,0.011897275314310837,1.0057955940000247,1825,0.010036762743457545,0.6373428632652525
RWX,1825,-0.11966967419727056,0.7221266635824473,1825,-0.12744496259223964,0.480278612067375
RXD,1825,-0.19669064462504088,-1.4101038003028998,1825,-0.18347020908222222,-0.9309304458714326
RXI,1825,-0.005673195330083673,0.9724079892012383,1825,-0.02904826427253497,0.6922060923571789
RXL,1825,0.08241783825733269,1.88779435089093,1825,0.05800413788936394,1.2699527970336204
RYE,1825,-0.24843358443410185,1.2006481194176901,1825,-0.24707251817779596,0.7481945981065385
RYF,1825,-0.00011919331724193595,1.0290807708523582,1825,-0.004486261050237725,0.6607775922007455
RYH,1825,0.05921788199054578,0.9614369734030095,1825,0.04189623301806352,0.663997536293855
RYJ,1825,-0.0247348364589003,1.0564526772622214,1825,-0.050006964986941904,0.7515988906531641
RYT,1825,0.08622182958679309,1.1640368611600498,1825,0.02353192765291413,0.9509048973478988
RYU,1825,0.05133103019784029,0.46147774469826797,1825,0.06341155264420512,0.24685376774676893
RZG,1825,-0.015764478622956855,1.101457568565639,1825,-0.050752789199345894,0.814056924827224
RZV,1825,-0.07921082955676596,1.1080882690560032,1825,-0.09701455832789355,0.7576688486256087
SAA,1825,0.061561445884825046,1.6713755595964555,1825,0.0275967476860759,1.1678761940028006
SAGG,1825,-0.04226309905021621,0.02782011074535162,1825,-0.04167447455767523,0.015373561279523315
SBB,1825,-0.049443415340413625,-0.8250000338909389,1825,-0.031141681448519355,-0.5818838415885597
SBM,1825,0.00495724755888969,-0.6614596114841794,1825,0.016494018793325137,-0.4554839442793447
SBV,1825,298.65995731198745,-71.93552875109164,1825,321.3990949357753,-125.23152104190008
SCC,1825,-0.22552927305532122,-1.2586043215283989,1825,-0.195954875010685,-0.8935371095076707
SCHA,1825,-0.02608544113830276,1.0408416858551324,1825,-0.05272465249329987,0.7466250619033756
SCHB,1825,0.0008391174774578611,0.9887275031624287,1825,-0.022825544792804898,0.7034612501405186
SCHC,1825,-0.07806335050436386,0.8006237078327105,1825,-0.09531957054817562,0.5629124907681458
SCHD,1825,-0.0007151159234858802,0.8617641988887806,1825,-0.012013985449624346,0.5802673634942108
SCHE,1825,-0.14220907102926783,1.010937888035743,1825,-0.1690504883071555,0.7285832392009808
SCHF,1825,-0.0921300137781173,0.8724318824045458,1825,-0.10714510808405588,0.600051030026522
SCHG,1825,0.03639080151193211,1.0452422083754753,1825,-0.0008714552159945841,0.7868131019989673
SCHH,1825,-0.00855194370639731,0.624579502613291,1825,-0.0047947678314513124,0.3784692186707719
SCHM,1825,-0.0018613005543575351,0.9925394880853777,1825,-0.023312126611932407,0.6980519254983026
SCHO,1825,0.004449647060781114,-0.02170902800113006,1825,0.005004755302422066,-0.015570697879601105
SCHP,1825,0.008633016571635179,-0.06044453274453967,1825,0.010332566579908853,-0.04389600378889362
SCHR,1825,0.02313703249573101,-0.092371545319156,1825,0.024845177675073403,-0.06394940841704674
SCHV,1825,-0.026144574048917266,0.9110310514393144,1825,-0.03517722298185063,0.6031806285268748
SCHX,1825,0.004439321359146395,0.9809053051044803,1825,-0.018834945156317055,0.6971800515894114
SCHZ,1825,0.014779100959334716,-0.048896660097940095,1825,0.015225973992703288,-0.032240156724242616
SCIF,1825,-0.16426385159440057,1.0281193460775788,1825,-0.17923242657215974,0.6975269856337307
SCJ,1825,-0.012603247562300603,0.7761225926620734,1825,-0.028793901035717114,0.5437922262071014
SCO,1825,0.4886689879602312,-1.5761957845887486,1825,0.47748094109511635,-0.9490969774787932
SCZ,1825,-0.043969827907277055,0.8300057620638118,1825,-0.06210747295419823,0.5844450637415339
SDD,1825,-0.06512197483452294,-1.712120255702042,1825,-0.024151459560003138,-1.2181129889355762
SDIV,1825,-0.16941750518730003,0.7689058512724292,1825,-0.17790158279931392,0.5121136005077898
SDOG,1825,-0.043489457970194455,0.9191184198939064,1825,-0.04781189175616837,0.5916571166027782
SDOW,1825,-0.07527351384087111,-2.811598069318693,1825,-0.024860196591549887,-1.9409236613759564
SDP,1825,-0.2485810865275113,-0.6481380952036311,1825,-0.2691434093487624,-0.3340343856214564
SDS,1825,-0.04461219207616826,-1.975844418569964,1825,0.0018457342108200514,-1.402842212688592
SDY,1825,-0.018172417389570462,0.8379972909509376,1825,-0.01967671040342434,0.5308525862813689
SDYL,1825,0.05156255201729398,1.3342723988341385,1825,0.04771446332944534,0.8503509104490611
SEA,1825,-0.2616243116269464,1.0244021639926282,1825,-0.2793204927310959,0.7048059347668798
SEF,1825,-0.03213467117274572,-0.9961249130244694,1825,-0.024087299225033176,-0.6530760654593523
SGG,1825,-0.014481715300023543,0.1259367603702129,1825,-0.0006481241774034929,0.030241640780706475
SGOL,1825,0.010715540770755774,-0.10742012779285057,1825,0.015647204779953634,-0.08474461498524449
SH,1825,-0.02521805261324731,-0.9895634734846913,1825,-0.0020487447221871503,-0.7022402463773806
SHM,1825,0.003877138450390764,-0.00960387070733174,1825,0.0040842562638793945,-0.006752835603687666
SHV,1825,0.0009866552776113115,-0.0017238098400918127,1825,0.0010602429346377989,-0.0013403643171833735
SHY,1825,0.004991874816354034,-0.021167690038045722,1825,0.0055389262250360935,-0.015202809472903134
SHYG,1577,-0.04652183581180934,0.19606418267356346,1577,-0.05418747937040192,0.1359235501405482
SIJ,1825,-0.048228973223187074,-1.7954275247804237,1825,-0.011215832381627686,-1.2564163503416852
SIL,1825,-0.14518693894009008,0.4671964170846987,1825,-0.14304978910810007,0.2854737943712222
SILJ,1799,-0.051073740568910314,0.3960575330415377,1799,-0.04163639677630876,0.2186917843090056
SIVR,1825,-0.10130333770114522,0.11364989629667699,1825,-0.10144302330948173,0.07176802674746449
SIZE,1704,0.02496611822927098,0.7509705518613722,1704,-0.0036178401720144203,0.525813404621346
SJB,1825,-0.03364782297295116,-0.3205201679967138,1825,-0.028205012290059422,-0.22019186724842432
SJNK,1825,-0.05750218038993654,0.19258409224331896,1825,-0.06150078428466579,0.13486799315176423
SKF,1825,-0.056787569053816905,-2.0001153605267676,1825,-0.040307027938327314,-1.3124443059899422
SKOR,1306,0.02028088666874001,-0.03437944922009202,1306,0.021441804454488095,-0.022147937571813367
SKYY,1825,0.07315388193852682,1.1007882695199003,1825,0.010568773027493457,0.9108691364748953
SLQD,1577,0.007936814050584669,-0.01102134501586384,1577,0.00818664202133375,-0.007012021489491199
SLV,1825,-0.10424178509307662,0.11144751829485527,1825,-0.10369657700384298,0.06797370875260964
SLVO,1705,-0.2053691998435022,0.07645909576625173,1705,-0.20624662927173684,0.04698407071642106
SLVP,1825,-0.1234929778925275,0.3602748980755153,1825,-0.12003431643493169,0.21376155484656578
SLX,1825,-0.2364481501591942,1.3842869902645454,1825,-0.25644572771573715,0.9386173013847192
SLY,1825,-0.027207656542418055,1.0230064455286554,1825,-0.051204389889692586,0.7261293791490395
SLYG,1825,-0.014189740389001388,1.0397029053687972,1825,-0.04300026969337676,0.753561089833919
SLYV,1825,-0.05500818950438284,1.0194505814455588,1825,-0.07301074179734102,0.7027799744372816
SMB,1825,0.002213025923381427,-0.0034717850487605405,1825,0.001857952510210076,-0.0009263080743944002
SMDD,1825,-0.0254276971845031,-2.8743136031270002,1825,0.02434801659294088,-1.9780094234312309
SMDV,1250,0.044201353238707344,0.6329698574912378,1250,0.021893793866030763,0.4026208232310803
SMH,1825,0.12129993755789124,1.2792068399455072,1825,0.03687127904608777,1.099726384227099
SMIN,1825,-0.015125074074623818,0.7970913050838014,1825,-0.029061139880129688,0.5489992145678685
SMLV,1743,-0.01716186569052601,0.7860054013903304,1743,-0.033210516069305994,0.5251128375912215
SMMU,1825,0.003834556911755864,-0.011707618382556746,1825,0.004464648091229017,-0.009562471824899998
SMN,1825,0.1455453181679993,-2.0677202962571535,1825,0.1731286556949283,-1.39396149214229
SNLN,1814,-0.04092719193656533,0.07424000230976197,1814,-0.04230655416349612,0.051952105613271266
SOCL,1825,0.04120288675127695,1.1427196966317132,1825,-0.028715934296666742,0.9630054679286013
SOIL,1825,-0.21694196254205153,0.7646353754066773,1825,-0.23103342393403017,0.5291918876168749
SOXL,1825,0.40424301727212403,3.9811676557800526,1825,0.14253180490462675,3.418889854646828
TAGS,1825,-0.12836399180482647,0.10942510416144133,1825,-0.13448482058151037,0.09019183323182844
TAN,1825,-0.009158037694986031,1.3973347543996466,1825,-0.05850684120125988,1.0502135954436695
TAO,1825,-0.08517814485030095,0.9355446159014338,1825,-0.109676580343635,0.6730450818711075
TBF,1825,-0.1395392597759201,0.32797722398200924,1825,-0.14334829897395823,0.21911230532343487
TBT,1825,-0.2722894288136311,0.6575576575004838,1825,-0.2795730103814681,0.43805153361734855
TBX,1825,-0.06795979325498523,0.1441669305197163,1825,-0.07078634545162747,0.10037352893947436
TDH,1825,5089.052798134741,-57.34702344982787,1825,5090.597056734078,-41.40625244192273
TDIV,1825,0.003902584494707718,1.0332804351089777,1825,-0.04881473278449982,0.8337641474274758
TDTF,1825,0.0035968177946218865,-0.03481799506532893,1825,0.005048287215972248,-0.026950180395550145
TDTT,1825,-0.0032516974644537164,-0.009917617787290564,1825,-0.0025142720891401394,-0.008818038823813526
TDV,1825,86.97528134998653,11.278138783942758,1825,84.30242523002491,16.49040833913505
TECL,1825,0.19314557425853826,3.363473010335436,1825,-0.01794601001500686,2.8531523762156756
TECS,1825,-0.24861335781272675,-3.3642977748704057,1825,-0.03646563659864274,-2.8573907233509943
TFI,1825,0.017564075835282064,-0.04215014324187888,1825,0.018243587987494883,-0.028828717343578027
THD,1825,-0.09623710178390348,0.8176586493984195,1825,-0.11330174069249203,0.5729210062465984
TILT,1825,-0.006141881166136742,0.9680653757404634,1825,-0.027368430562645076,0.6819127176066182
TIP,1825,0.005583055001988388,-0.05844349123025086,1825,0.007224477001087437,-0.04243624186963381
TIPX,1675,0.002248748165821389,-0.022776534027691225,1675,0.002689952991568027,-0.014411321488118627
TIPZ,1825,0.011393891454054134,-0.06592468524438656,1825,0.013318046445896771,-0.04812424986392287
TLH,1825,0.059338302197597,-0.20210534619495846,1825,0.06236343605195221,-0.13740944316771003
TLT,1825,0.1010592240590638,-0.3342560107224535,1825,0.10465757482912312,-0.22230774536666595
TLTD,1825,-0.08184767288023237,0.8043571740966938,1825,-0.09691683684603142,0.5575482775232372
TLTE,1825,-0.1322166272597962,0.8923148080033598,1825,-0.15647111292593663,0.6450738689599957
TMF,1825,0.3662336002404152,-0.9804712746101647,1825,0.3768380241444085,-0.6522681158585127
TMV,1825,-0.42225981927467116,0.9882950239151462,1825,-0.43361867960589956,0.6598329139561925
TNA,1825,-0.08376390772002383,3.179611204192226,1825,-0.17073409717899718,2.3005252434982677
TOK,1825,-0.01698733494993803,0.7985581705724124,1825,-0.034930548754784935,0.5640375721365055
TQQQ,1825,0.18131742767787964,3.4055244697947593,1825,-0.0045849552556828125,2.790775810844658
TRND,182,-0.048574009475464835,0.9166540744829095,182,-0.09299134592995074,0.6199136194221351
TTT,1825,-0.40586395849704954,1.0011488212660733,1825,-0.4168997506653893,0.666755943332684
TUR,1825,-0.2515229406542084,1.0238259555932094,1825,-0.26861278307192876,0.7023082472312158
TVIX,1825,-0.2862998890985784,-7.866617727330658,1825,-0.09685324756411581,-5.601051267308764
TWM,1825,0.016113420595706262,-2.127708199456994,1825,0.07428827294525328,-1.5393663516912794
TYBS,1825,-0.12119032137291132,0.22879391506635588,1825,-0.12155720790810969,0.1447814401074404
TYD,1825,0.1387792328261876,-0.35179181723735786,1825,0.14684985302842288,-0.24906255237648767
TYO,1825,-0.2128072224812665,0.38849204577919894,1825,-0.21916309076744533,0.2660376145484369
TZA,1825,0.015137617946183122,-3.1768516156268722,1825,0.10185784991905121,-2.297913882589535
UAG,1825,-0.09175072726172323,0.06697980443278473,1825,-0.09428228528777696,0.05092603775292932
UBG,1825,0.0010516104470381586,-0.062247051100106005,1825,0.003926425200242253,-0.04916727585588607
UBR,1825,-0.27436057338318465,2.194306002032117,1825,-0.30526143438709813,1.485038745565395
UBT,1825,0.24020983082573838,-0.6671847685248269,1825,0.2476216430964427,-0.4445410010267767
UCC,1825,0.41603056513589554,0.001345432060603259,1825,0.09546501341022978,1.1434314517480106
UCI,1825,-0.1384540515465857,0.36751346754577646,1825,-0.13847068099726786,0.23054575852251755
UCO,1825,-0.5873228636819368,1.5475463177837843,1825,-0.5759940369089018,0.9306333681871768
UDN,1825,-0.054704999826595345,-0.011249538176946223,1825,-0.05207520283659274,-0.0163207608931245
UDOW,1825,0.04273705202261949,2.822661851163847,1825,-0.007995465682374374,1.948986986049514
UGA,1825,-0.18015131204936308,0.6255580716320803,1825,-0.1822608183839453,0.39975304764995645
UGAZ,1825,-0.930696259453491,-0.003554857568497022,1825,-0.8418520876608393,-0.31525464110483703
UGE,1825,0.07899201698245176,1.1607401654150613,1825,0.06876568086489777,0.7639921697146105
UGL,1825,-0.05113429349524594,-0.012718308207846463,1825,-0.05557362120991546,0.007664784929006562
UGLD,1825,-0.024266045965008576,-0.3209534304503351,1825,-0.009230322962422467,-0.2542623544099244
UJB,1825,0.05755819918601917,0.2734916983644678,1825,0.05745759330789464,0.17187560005602573
ULE,1825,-0.09353155459905384,-0.02176975784213245,1825,-0.08784826104370361,-0.03367695075183438
ULST,1582,0.003058784215275721,-0.002386890626587553,1582,0.0033839358113536585,-0.002476322469447346
UMDD,1825,-0.01922442755016686,2.9063518493052953,1825,-0.07567084951634298,2.021605251165994
UNG,1825,-0.2622203591103014,0.004311009433302104,1825,-0.23181993215055424,-0.10440634360521689
UNL,1825,-0.1502086884853854,0.016066392940062988,1825,-0.13276032364284335,-0.0513998418765508
UPRO,1825,0.0413579128311435,2.9568939781587416,1825,-0.02808554578844161,2.0990954350358066
UPV,1825,-0.09964568558226605,1.5763387288811226,1825,-0.12009857592699219,1.060667328633964
UPW,1825,0.19773337688760223,0.7026824413708176,1825,0.2217313423696676,0.3561372147631182
URA,1825,-0.3945737587879164,1.003444858709965,1825,-0.407329046387457,0.6742542185989016
URE,1825,0.029034990151356715,1.2588774178929492,1825,0.029152061734316687,0.7890962502781197
URR,1825,0.12965366594504152,0.08661729057676879,1825,0.13861837082177864,0.02273689398081919
URTH,1825,-0.02467187446326937,0.8753435770469734,1825,-0.046387183798342696,0.6254840156753085
URTY,1825,-0.072056200063516,3.1900811753041576,1825,-0.1593022036812699,2.3080632947992807
USCI,1825,-0.1422112774791666,0.22106158956973637,1825,-0.1425389786076184,0.13979402692013226
USD,1825,0.21788338490402454,2.589114442914012,1825,0.04673267861237652,2.2267871557167425
USDU,1534,0.02713666623666395,-0.03484035247301073,1534,0.0270740421262252,-0.01885736723319462
USL,1825,-0.2037673933052582,0.7157061745435299,1825,-0.2016141342057169,0.44127067246844076
USLV,1825,-0.4172545884832356,0.3459220725806912,1825,-0.41740951412614435,0.21749191053940442
USMV,1825,0.04227972181973198,0.7362135047553449,1825,0.03311148829050129,0.4940209884642679
USO,1825,-0.28534875253898767,0.7932607197218866,1825,-0.2794719162113586,0.476789935003298
UST,1825,0.08858237468803143,-0.29622385480432023,1825,0.09290838064326211,-0.20101951715340305
USV,1825,-0.07042406797172811,0.04325478470078363,1825,-0.06639890345158252,0.012945481087436459
UUP,1825,0.03855114431166468,0.01623342342315518,1825,0.03597092575614877,0.019271739403250276
UVXY,1825,-0.14687220590484337,-7.613465288374593,1825,0.017544558074258386,-5.354098042562322
UWM,1825,-0.049264847040933195,2.123681631169916,1825,-0.10724223686167396,1.5361453564660938
UXI,1825,0.07591099544651624,1.7985552238696,1825,0.03703563742949941,1.2649390570652346
UYG,1825,0.022808759626035794,2.004505882505436,1825,0.005944517925334135,1.3165497295163302
UYM,1825,-0.19409165895460026,2.079865830804551,1825,-0.22331235482688103,1.4073475148235826
VAW,1825,-0.07860247555373502,1.0418187097466096,1825,-0.09422273354136314,0.7084146610837767
VB,1825,-0.019281325892378565,1.0305875984199453,1825,-0.045099519635116755,0.7373014841076844
VBK,1825,-0.004783329725974875,1.0856601268137551,1825,-0.04162767282539344,0.810688882574343
VBR,1825,-0.03155698998811232,0.9808307550387957,1825,-0.04779851563754696,0.6723547993594258
VCIT,1825,0.014706842166188328,-0.026419807364996516,1825,0.014732582141329534,-0.01665995083739764
VCLT,1825,0.03596221578266038,-0.053240367689304374,1825,0.036097385653050554,-0.03386610028492639
VCR,1825,0.022253539091378297,1.0137114366883895,1825,-0.005546885787632547,0.7337015557289428
VCSH,1825,0.0032629502589605285,-0.005449886795416166,1825,0.0034602143249085806,-0.004112934429685499
VDC,1825,0.009090801822429403,0.6476865425669649,1825,0.011051468272545939,0.3992905201278775
VDE,1825,-0.23533429291948835,1.1110381043027597,1825,-0.23453386454433311,0.6939707085172785
VEA,1825,-0.09088358552326166,0.8954427703565754,1825,-0.10717466663439658,0.6189780690115152
VEGA,1825,0.0019660734409258293,0.40645368440933355,1825,-0.006306139520429301,0.2840541784648375
VEGI,1825,-0.10866437253933557,0.7715022541540796,1825,-0.11930896405220519,0.5213540938650959
VEU,1825,-0.10623150152069513,0.9138985363653745,1825,-0.12437647411125093,0.6370844846700456
VFH,1825,-0.005244288524959583,1.035227215443268,1825,-0.01025603420753691,0.6669037509412643
VGIT,1825,0.01947716957357265,-0.09318330826895321,1825,0.02122342041099266,-0.06459276586631271
VGK,1825,-0.10370498843279155,0.9295536241127611,1825,-0.11951550066357612,0.638677601527052
VGLT,1825,0.09223612820881935,-0.3101486287623668,1825,0.09607843924428865,-0.2080482754922939
VGSH,1825,0.004197750120949374,-0.022041581038243406,1825,0.00480458552402132,-0.015961510126294556
VGT,1825,0.07678030279925165,1.1631603749424464,1825,7.172674997349415e-17,0.9999999999999999
VHT,1825,0.03760215321765511,0.9598949778433356,1825,0.022465557531397645,0.655331857871852
VIDI,1568,-0.11570042521594189,0.8383582048361287,1568,-0.1499586445298811,0.5840550148261038
VIG,1825,0.006922044727509496,0.8773016680988861,1825,-0.00688069226838325,0.5988336248990509
VIIX,1825,-0.0006435757165101108,-4.110848040694743,1825,0.09600743591571993,-2.9186617030765367
VIOG,1825,0.01270356274800171,0.9945774755985423,1825,-0.017473130201578372,0.7300739544311748
VIOO,1825,-0.0027178035930325198,1.0063414233893595,1825,-0.027406143050124832,0.7181146007248036
VIOV,1825,-0.012070143244285816,0.9548632185584668,1825,-0.030639924917832618,0.6642723397329453
VIS,1825,-0.005135975305023544,1.0354333130713052,1825,-0.022913968544418052,0.7120124020151297
VIXM,1825,-0.030884797442805586,-1.7816220115489843,1825,0.011255654067584407,-1.2658232658508264
VIXY,1825,-0.0035648779591899425,-4.113013916765087,1825,0.0928660477838066,-2.9192446087881363
VLU,1821,0.05648904454904518,0.46113048274454455,1821,0.050023252678153544,0.31431040533062193
VLUE,1704,-0.022550965178568506,0.9471388905443278,1704,-0.057655735856576226,0.6600485086192867
VMBS,1825,0.009913532855462325,-0.037674842459043276,1825,0.010273550057494698,-0.024896340634882566
VNM,1825,-0.11846175004556418,0.8317987136315043,1825,-0.13788691003424655,0.5901058277584699
VNQ,1825,-0.021412503624308802,0.6270925773443388,1825,-0.020185984154998934,0.3889615778295089
VNQI,1825,-0.09807445832500368,0.7556115695568818,1825,-0.11228470929216701,0.5239511128703127
VO,1825,-0.0024499315459329237,0.9964591935875069,1825,-0.02477528221077604,0.7035913982774256
VOE,1825,-0.012788076675578519,0.9493904135728891,1825,-0.02447315026869478,0.6365831206192649
VONE,1825,0.005880667636240123,0.9709833698475875,1825,-0.017658140582853876,0.6918895416504875
VONG,1825,0.03660376105529479,1.0295035106398323,1825,-0.003234199698039171,0.7860175241375739
VONV,1825,-0.026493151041760143,0.9159070005536601,1825,-0.0346896889446871,0.603292719574253
VOO,1825,0.0024637478504811504,0.9899881299688584,1825,-0.020517614542046675,0.7018443814601707
VOOG,1825,0.02747197311353898,1.0132754615184947,1825,-0.010363325676761372,0.7687840638385747
VOOV,1825,-0.01539294904406394,0.9116761325513562,1825,-0.022949560029281123,0.5983846597466027
VOT,1825,0.008488509896323273,1.04923126227819,1825,-0.02438915454495456,0.7738665888440072
VOX,1825,-0.07940805761810908,0.8549003439044505,1825,-0.09847833743047338,0.6033437326757941
VPL,1825,-0.07545156738805962,0.869331467180851,1825,-0.09374368455998669,0.6096525496201673
VPU,1825,0.06401810237310737,0.4325421436020974,1825,0.07486220650787465,0.23306299920004503
VQT,1825,-0.008824627411424,0.37806120461827664,1825,-0.016587221299892964,0.26445220611109077
VSS,1825,-0.08713543946311732,0.8243642159532583,1825,-0.10582575549111735,0.5828541802346001
VT,1825,-0.052398390370100655,0.955286838139096,1825,-0.07414496009203528,0.675730810338264
VTHR,1825,0.01512683120818538,0.9082193845235085,1825,-0.00827393066471954,0.6520405414418162
VTI,1825,-0.00022627745127027895,0.995741061200081,1825,-0.02435613569463569,0.7094988517461016
VTIP,1825,-0.002141274919911974,-0.0004585559304057245,1825,-0.002107020654308671,-0.0004082729789111173
VTV,1825,-0.014842348851266049,0.9359442723073433,1825,-0.023647678994037972,0.6180041156863151
VTWG,1825,-0.004221580732388004,1.1022909978966613,1825,-0.044302223103473835,0.8325214555725968
VTWO,1825,-0.02869400368221822,1.0568927509357116,1825,-0.057992090905052376,0.7660595685065992
VTWV,1825,-0.03945812004388232,0.9274708089006924,1825,-0.054585832802337426,0.6349656462888911
VUG,1825,0.02418160518314758,1.0561016073326739,1825,-0.015641341930176248,0.8026457022030857
VV,1825,0.002929987284113621,0.9923704359374687,1825,-0.020915531698550746,0.7063831398373082
VWO,1825,-0.14953587879995534,1.0361115277922677,1825,-0.176366529019297,0.7443330268539745
VWOB,1672,-0.014855739829099374,0.1351441946655325,1672,-0.02040180576848684,0.09637250092180068
VXF,1825,-0.01481222338487174,1.0382104500935145,1825,-0.043212682258607665,0.7511802884547402
VXUS,1825,-0.10533869970357217,0.9153080650311183,1825,-0.12356183785645149,0.6382438759719806
VXX,501,nan,nan,497,-0.22314827869638246,0.25332454281706507
VXZ,1825,-0.07663435286623344,-1.4894709952087342,1825,-0.051906770162899164,-1.0212490193771417
VYM,1825,-0.022415251200245383,0.8754723480620068,1825,-0.031832981401405204,0.5822366407262747
WDIV,1675,-0.07310376403081824,0.7559225549467432,1675,-0.09273924049791482,0.49577257832025146
WEAT,1825,-0.24726069422810948,0.030614410039124823,1825,-0.24581901811240572,0.014120452536877813
WIP,1825,-0.03546535668105352,0.0858463117904257,1825,-0.03610621654954534,0.05609671602158203
WOOD,1825,-0.0564320858080375,0.9262211957263432,1825,-0.07191234330853016,0.6354240706546637
WPS,1825,-0.08093745321471262,0.6596281980636691,1825,-0.09118648347848979,0.44979826242767573
XAR,1825,0.1114249447153751,0.9461215437970859,1825,0.08824835677691412,0.6750211603719334
XBI,1825,0.029501827123592752,1.4629758233734047,1825,-0.019910784317462387,1.091605402610132
XES,1825,-0.49172249031261933,1.4503233788636796,1825,-0.49223032272026757,0.9113638839663455
XHB,1825,-0.041895733793377896,1.059625593027127,1825,-0.05644976273461144,0.7158256498983186
XHE,1825,0.08800516009268478,0.8889525278231213,1825,0.05235448510406109,0.6831174668758876
XHS,1825,0.028295208451981423,0.8907272728710823,1825,0.013818755254419808,0.6096272413163941
XLB,1825,-0.07141462627805692,1.0414453015728704,1825,-0.08332369743049993,0.6951048302720573
XLE,1825,-0.2204250924629826,1.1022778581124462,1825,-0.21778308092723073,0.6819882330188991
XLF,1825,-0.00708525577078428,1.093016530147846,1825,0.19145995406758182,-0.022248077347749532
XLG,1825,0.00043402679890088767,0.9899287704190555,1825,-0.02871252663282466,0.7235290083842576
XLI,1825,-0.005048652728752764,1.0389472990639546,1825,-0.019257309537105156,0.7016403444322283
XLK,1825,0.05602368588727044,1.142244880479012,1825,-0.014419253759954306,0.9645543157554606
XLP,1825,0.008183043455364957,0.657306230541981,1825,0.013514997557284674,0.393445458211224
XLU,1825,0.06131576040922774,0.4193769450015171,1825,0.07476881419874716,0.21561427769656766
XLV,1825,0.0326478198540193,0.9423247757990706,1825,0.023464255412638663,0.623338302656717
XLY,1825,0.03288196844919228,1.017162178279059,1825,0.007659405339718816,0.7267831028323581
XME,1825,-0.27074154958948116,1.210470576550519,1825,-0.28975191824580687,0.8261295798135834
XMLV,1746,0.048937300494677406,0.7037668883534184,1746,0.0382214130163633,0.4588127007099274
XMPT,1825,-0.007943340179189936,0.02772846348291281,1825,-0.00965480473353622,0.023420001913841554
XOP,1825,-0.3836250889650046,1.4630973340187738,1825,-0.3858815286260336,0.9255359864497327
XPH,1825,-0.0736440073103582,1.1110452613411077,1825,-0.0962138324683825,0.7763157510521415
XPP,1825,-0.20840548465779324,2.168755864108393,1825,-0.2734536523264893,1.5893263100204797
XRT,1825,-0.07975907898533473,0.9913092040508816,1825,-0.09396093383386211,0.67174000560077
XSD,1825,0.13595690443110317,1.3565852297582248,1825,0.04544021710361331,1.1697044606248874
XSLV,1746,0.02381640239815109,0.773384160364533,1746,0.008078534657635774,0.5179039622021784
XSW,1825,0.08495623707224007,1.0153183807453585,1825,0.024705834803328997,0.8490405548079563
XTL,1825,-0.04986996368569879,0.9527405396881423,1825,-0.09121774611381564,0.7431949615667128
XTN,1825,0.017695441428694992,1.1325723265783685,1825,-0.0028746412672933084,0.7827708096846473
XVZ,1825,-0.06578255697657753,-0.5249111373827214,1825,-0.055756100283240094,-0.3645258610170763
YANG,1825,0.1661229679108966,-3.2734150303529663,1825,0.2694754125153295,-2.417074290482214
YCL,1825,-0.06857535867220353,-0.484317316796375,1825,-0.06396883887515221,-0.3199712292329293
YCS,1825,0.04643006401391902,0.5445144678156385,1825,0.04005739616130215,0.36394673213273165
YINN,1825,-0.24912213715801113,3.2710517575324296,1825,-0.352366238008986,2.415210428686281
YXI,1825,0.07178564449290274,-1.0350754120133914,1825,0.1041932336489406,-0.7633324860450142
YYY,1825,-0.12449012056879633,0.48028155322525085,1825,-0.13500662940529568,0.33826288777766234
ZIV,1825,-0.0019336909924326635,1.7782192111046837,1825,-0.04430316315839475,1.2644960992426064
ZROZ,1825,0.16863921940117405,-0.5092145961366876,1825,0.17409686956806586,-0.3385844249879131
ZSL,1825,0.21573622084117328,-0.2211203951931573,1825,0.21585646277604062,-0.13909996482543058
